title,Python,SQL,Excel,Power BI,Tableau,Machine Learning,Java,AWS,Azure,TensorFlow,Spark,C++,R
 GCP Data Engineer (Only W2),0,1,0,0,0,0,0,0,0,0,0,1,1
 Information Technology Epic Beaker Application Analyst 2,0,0,0,0,0,0,0,0,0,0,0,1,1
 Junior ETL QA Test Engineer,1,1,1,0,0,0,0,1,1,0,1,1,1
 SAP PP MM/QM,0,0,0,0,0,0,0,0,0,0,0,1,1
 Service Technician,0,0,0,0,0,0,0,0,0,0,0,1,1
 Sr Import/Export Analyst ,0,0,1,0,0,0,0,0,0,0,0,1,1
*CMC Steel SC Intern,0,0,1,0,0,0,0,0,0,0,0,1,1
.Net Azure Architect (Local to WA),0,0,0,0,0,0,0,0,1,0,0,1,1
"100% commission Marketers for TV Doc ""The 40 Parables""",0,0,0,0,0,0,0,0,0,0,0,1,1
2 Way Radio Installer,0,0,0,0,0,0,0,0,0,0,0,1,1
2+ years Attorney,0,0,1,0,0,0,0,0,0,0,0,1,1
2024 Summer Sales Intern,0,0,0,0,0,0,0,0,0,0,0,1,1
2024-2025 GENERAL RESOURCE TEACHER - NEVADA LEARNING ACADEMY,0,0,0,0,0,0,0,0,0,0,0,1,1
2024-2025 Grade 1 Teacher Goynes ES,0,0,0,0,0,0,0,0,0,0,0,1,1
"2024-2025 Humanities Teacher - Cox, Clyde ES",0,0,0,0,0,0,0,0,0,0,0,1,1
"2024-2025 Kindergarten Teacher - HOLLINGSWORTH, HOWARD ES",0,0,0,0,0,0,0,0,0,0,0,1,1
2024-2025 MATH TEACHER HS - LAS VEGAS HS,0,0,0,0,0,0,0,0,0,0,0,2,2
2024-2025 Physical Science Teacher - CLARK HS,0,0,0,0,0,0,0,0,0,0,0,1,1
"2024-2025 Project Facilitator, Early Childhood Education",0,0,0,0,0,0,0,0,0,0,0,1,1
"2024-2025 Project Facilitator, Special Education",0,0,0,0,0,0,0,0,0,0,0,1,1
2L 2025 Summer Law Clerk,0,0,0,0,0,0,0,0,0,0,0,1,1
3D Scanning Specialist Account Manager,0,0,1,0,0,0,0,0,0,0,0,1,1
3rd Shift Diesel Mechanic Maintenance Technician Advanced,0,0,0,0,0,0,0,0,0,0,0,1,1
4* Renaissance Marriott Seeks a Talented Chef de Partie!,0,0,0,0,0,0,0,0,0,0,0,1,1
416550 - Postdoctoral Appointee - CSE - Heavy Element Chemistry and Separation Science Group,0,0,0,0,0,0,0,0,0,0,0,1,1
ABA Therapist/Special Education Paraprofessional - Various locations!,0,0,0,0,0,0,0,0,0,0,0,1,1
AEM Developer ,0,0,0,0,0,0,1,0,0,0,0,1,1
AOC Human Resources Project Manager,0,0,0,0,0,0,0,1,0,0,0,1,1
API Support Engineer,0,1,1,0,0,0,1,0,1,0,0,1,1
ARIS Developer,0,0,1,0,0,0,1,0,0,0,0,1,1
AS400 Developer,0,0,0,0,0,0,0,0,0,0,0,1,1
AS400 developer with Lawson ERP plotform,0,0,0,0,0,0,0,1,0,0,0,1,1
"AVP, Underwriting Team Leader | Hybrid",0,0,0,0,0,0,0,0,0,0,0,1,1
AVP/VP of Advanced Analytics,0,0,1,0,0,1,0,0,0,0,0,1,1
AWS CLOUD SECURITY DEVELOPER,1,1,0,0,0,0,1,1,0,0,0,1,1
AWS Cloud Architect,0,0,1,0,0,0,0,1,0,0,0,1,1
AWS Cloud Architect (W2 Only),1,0,0,0,0,0,0,1,1,0,0,1,1
Account Coordinator,0,0,0,0,0,0,0,0,0,0,0,1,1
Account Executive,0,0,5,0,0,0,0,0,0,0,0,9,9
Account Executive - Mid-Market,0,0,1,0,0,0,0,0,0,0,0,1,1
Account Manager,0,0,2,0,0,0,0,0,0,0,0,4,4
Account Manager - Light Industrial,0,0,1,0,0,0,0,1,0,0,0,1,1
Account Sales Executive- Fresno/ Clovis,0,0,1,0,0,0,0,0,0,0,0,1,1
Accountant,0,0,2,0,0,0,0,0,0,0,0,2,2
Accountant I Corporate Reporting,0,0,1,0,0,0,0,0,0,0,0,1,1
Accounting Manager,0,0,5,0,0,0,0,0,0,0,0,6,6
Accounting Specialist,0,0,1,0,0,0,0,0,0,0,0,1,1
Accounting Supervisor,0,0,0,0,0,0,0,0,0,0,0,1,1
Accounting and Finance Consulting Opportunities,0,0,0,0,0,0,0,0,0,0,0,1,1
Accounts Analyst,0,0,1,0,0,0,0,0,0,0,0,1,1
Accounts Payable Associate,0,0,0,0,0,0,0,0,0,0,0,1,1
Accounts Payable Clerk - Temp to Hire,0,0,0,0,0,0,0,0,0,0,0,1,1
Accounts Payable Specialist,0,0,2,0,0,0,0,0,0,0,0,2,2
Accounts Receivable Analyst,0,0,1,0,0,0,0,0,0,0,0,1,1
Accounts Receivable Receipts Specialist,0,0,1,0,0,0,0,0,0,0,0,1,1
Accounts Receivable Specialist,0,0,1,0,0,0,0,0,0,0,0,1,1
Acoustic Consultant,0,0,0,0,0,0,0,0,0,0,0,1,1
Admin/HR/Customer Support,0,0,1,0,0,0,0,0,0,0,0,1,1
Admininistrative Assistant Intern,0,0,1,0,0,0,0,0,0,0,0,1,1
Administrative Assistant,0,0,7,0,0,0,0,0,0,0,0,9,9
Administrative Assistant - CONCUR,0,0,0,0,0,0,0,0,0,0,0,1,1
Administrative Assistant Bookkeeper,0,0,0,0,0,0,0,0,0,0,0,1,1
Administrative Assistant Intern,0,0,1,0,0,0,0,0,0,0,0,1,1
Administrative Assistant Project Coordinator,0,0,0,0,0,0,0,0,0,0,0,1,1
Administrative Assistant/Receptionist,0,0,1,0,0,0,0,0,0,0,0,1,1
Administrative Coordinator,0,0,1,0,0,0,0,1,0,0,0,1,1
Administrative Professional 2 - 20051120,0,0,0,0,0,0,0,0,0,0,0,1,1
Administrator of College & Career Development,0,0,0,0,0,0,0,0,0,0,0,1,1
Admissions Advisor,0,0,1,0,0,0,0,0,0,0,0,1,1
Admissions Representative,0,0,0,0,0,0,0,0,0,0,0,1,1
Air Conditioning Equipment Mechanic Supervisor (HVAC Foreman),0,0,0,0,0,0,0,0,0,0,0,1,1
Analyst,0,0,1,0,0,0,0,1,0,0,0,1,1
Analytics Engineer,0,1,1,0,0,0,0,1,0,0,0,1,1
Anaplan Developer,0,0,1,0,0,0,0,0,0,0,0,1,1
Anaplan Solution Architect/Lead,0,0,0,0,0,0,0,0,0,0,0,1,1
Ancillary Application Analyst,0,0,1,0,0,0,0,0,0,0,0,1,1
Android Developer Intern (Unpaid),0,0,1,0,0,0,0,0,0,0,0,1,1
Anti-Money Laundering Analyst (AML),0,0,1,0,0,0,0,1,0,0,0,1,1
Apigee Developer,0,0,0,0,0,0,1,0,0,0,0,1,1
Apigee developer,0,0,0,0,0,0,1,0,0,0,0,1,1
Appalachian Highlands Women's Business Center,0,0,1,0,0,0,0,0,0,0,0,1,1
Application Engineer,0,0,0,0,0,0,0,0,0,0,0,1,1
Application Support Specialist,0,1,1,0,0,0,0,1,0,0,0,1,1
Applications Engineer- CAD,1,0,0,0,0,0,1,1,0,0,0,1,1
Appointed Actuary - PR12695,0,0,0,0,0,0,0,0,0,0,0,1,1
Architect/Project Manager,0,0,1,0,0,0,0,0,0,0,0,1,1
Architectural Designer,0,0,1,0,0,0,0,0,0,0,0,1,1
"Architectural Specialties Manager, North East Job",0,0,1,0,0,0,0,0,0,0,0,1,1
Are you a Senior P&C Actuary seeking excellent Work Life Balance in New York?  - PR12616,0,0,1,0,0,0,0,0,0,0,0,1,1
Area Sales Manager,0,0,0,0,0,0,0,0,0,0,0,1,1
Armed Security Guard,0,0,1,0,0,0,0,0,0,0,0,1,1
Artificial Intelligence Engineer Intern - Chatbot,1,0,1,0,0,1,0,0,0,0,0,1,1
Assembler (19/hr),0,0,0,0,0,0,0,0,0,0,0,1,1
Asset Management Associate,0,0,0,0,0,0,0,0,0,0,0,1,1
Assistant Banking Center Manager,0,0,0,0,0,0,0,1,0,0,0,1,1
Assistant Buyer,0,0,1,0,0,0,0,0,0,0,0,1,1
Assistant Buyer / Receiving,0,0,1,0,0,0,0,0,0,0,0,1,1
Assistant Claims Examiner (Onsite Atlanta GA.),0,0,0,0,0,0,0,0,0,0,0,1,1
"Assistant Claims Examiner (Onsite Irving, Texas)",0,0,0,0,0,0,0,0,0,0,0,2,2
Assistant Claims Examiner (Remote USA),0,0,0,0,0,0,0,0,0,0,0,1,1
"Assistant Claims Examiner (Remote, USA)",0,0,0,0,0,0,0,0,0,0,0,1,1
Assistant Community Manager,0,0,0,0,0,0,0,1,0,0,0,1,1
Assistant Controller,0,0,2,0,0,0,0,0,0,0,0,2,2
"Assistant Department (Onsite Atlanta, GA)",0,0,0,0,0,0,0,0,0,0,0,1,1
Assistant Director,0,0,1,0,0,0,0,0,0,0,0,1,1
"Assistant Director of Admission, Midwest Regional Representative",0,0,1,0,0,0,0,0,0,0,0,1,1
Assistant Landscape Architect,0,0,1,0,0,0,0,0,0,0,0,1,1
Assistant Manager,0,0,1,0,0,0,0,0,0,0,0,1,1
Assistant Office Manager,0,0,1,0,0,0,0,0,0,0,0,1,1
Assistant Principal - Jydstrup ES,0,0,0,0,0,0,0,0,0,0,0,1,1
Assistant Project Manager,0,0,2,0,0,0,0,0,0,0,0,2,2
Assistant Store Manager,0,0,1,0,0,0,0,0,0,0,0,1,1
Assistant Underwriter,0,0,0,0,0,0,0,0,0,0,0,1,1
"Assistant, Management (Labor Supply and Partnerships) - 516461",0,0,1,0,0,0,0,1,0,0,0,1,1
Assitant Restaurant Manager,0,0,0,0,0,0,0,0,0,0,0,1,1
Associate,0,0,2,0,0,0,0,1,0,0,0,3,3
Associate - Job #1868,0,0,1,0,0,0,0,0,0,0,0,1,1
"Associate Accountant, Payroll Tax ",0,0,1,0,0,0,0,0,0,0,0,1,1
Associate Attorney,0,0,2,0,0,0,0,0,0,0,0,8,8
Associate Attorney - Commercial Litigation,0,0,1,0,0,0,0,0,0,0,0,1,1
Associate Brand Manager,0,0,1,0,0,0,0,1,0,0,0,1,1
Associate Communications Specialist - Transit Control Center,0,0,0,0,0,0,0,0,0,0,0,1,1
Associate Compliance Officer and Director of International Affairs Compliance,0,0,0,0,0,0,0,0,0,0,0,1,1
Associate Director Market Research Competitive Intelligence,0,0,1,0,0,0,0,0,0,0,0,1,1
Associate Director of Campus Safety,0,0,0,0,0,0,0,1,0,0,0,1,1
Associate Director of Events,0,0,1,0,0,0,0,0,0,0,0,1,1
Associate Director of Individual Giving,0,0,1,0,0,0,0,0,0,0,0,1,1
Associate Engineer -- Distributed Energy Resources (DER),0,0,1,0,0,0,0,0,0,0,0,1,1
Associate Immigration Attorney,0,0,1,0,0,0,0,1,0,0,0,1,1
Associate Marketing Manager,0,0,1,0,0,0,0,0,0,0,0,1,1
Associate Metallurgist,0,0,1,0,0,0,0,1,0,0,0,1,1
Associate Planner,0,0,1,0,0,0,0,0,0,0,0,1,1
Associate Project Manager Series,0,0,1,0,0,0,0,0,0,0,0,1,1
Associate Veterinarian,0,0,1,0,0,0,0,0,0,0,0,1,1
"Associate or Senior Editor, Nature Reviews Endocrinology",0,0,1,0,0,0,0,1,0,0,0,1,1
"Associate, Investment Operations and Trading ",0,0,1,1,0,0,0,1,0,0,0,1,1
Attending Physician,0,0,1,0,0,0,0,0,0,0,0,1,1
"Attorneys - Business,Real Estate,Land Use and Estate Planning",0,0,0,0,0,0,0,0,0,0,0,1,1
Audiovisual Field Engineer,0,0,1,0,0,0,0,0,0,0,0,1,1
Audit Associate,0,0,1,0,0,0,0,0,0,0,0,1,1
Automated Equipment Operator- Night Shift,0,0,0,0,0,0,0,0,0,0,0,1,1
Automation Engineer,0,0,0,0,0,0,0,0,0,0,0,1,1
Automation Specialist,0,0,1,0,0,1,0,0,0,0,0,1,1
Automotive Technician,0,0,1,0,0,0,0,0,0,0,0,1,1
"Automotive Window Tint, PPF, and Vehicle Wrap installer",0,0,0,0,0,0,0,0,0,0,0,1,1
Avionics/Elec Tech II - Retrofit,0,0,1,0,0,0,0,0,0,0,0,1,1
Azure Cloud Architect,0,0,0,0,0,0,0,0,1,0,0,1,1
Azure Cloud Engineer,1,0,0,0,0,0,0,1,1,0,0,1,1
Azure Data Engineer,1,1,1,0,0,0,0,0,1,0,1,1,1
Azure Data Engineer (Full time),1,1,0,0,0,0,0,1,1,0,1,1,1
Azure Fabric Architect,1,0,1,0,0,0,0,0,1,0,1,1,1
Azure Infra Lead,0,0,0,0,0,0,0,0,1,0,0,1,1
Azure Tech Lead,1,1,0,0,0,0,0,0,1,0,1,1,1
BI Reporting Lead,0,1,0,0,0,0,0,0,0,0,0,1,1
Bagger,0,0,0,0,0,0,0,0,0,0,0,1,1
Banking Operations Systems Analyst,0,0,0,0,0,0,0,0,0,0,0,1,1
Barber,0,0,0,0,0,0,0,0,0,0,0,1,1
Battery R&D Scientist,0,0,0,0,0,0,0,0,0,0,0,1,1
Bearing Technician,0,0,1,0,0,0,0,0,0,0,0,1,1
Bench Store Manager,0,0,0,0,0,0,0,0,0,0,0,1,1
Bender Operator,0,0,1,0,0,0,0,0,0,0,0,1,1
Benefits Coordinator,0,0,1,0,0,0,0,1,0,0,0,1,1
Bilingual Counselor Advocate (Spanish-English),0,0,0,0,0,0,0,0,0,0,0,1,1
Bilingual Customer Service Representative,0,0,0,0,0,0,0,0,0,0,0,1,1
Bilingual Front Desk Receptionist,0,0,1,0,0,0,0,0,0,0,0,1,1
Bilingual Sales Assistant,0,0,2,0,0,0,0,0,0,0,0,2,2
"Bilingual Staff Attorney, Farmworker Program",0,0,1,0,0,0,0,0,0,0,0,1,1
Billing Specialist,0,0,0,0,0,0,0,1,0,0,0,1,1
Biopharmaceutical Manufacturing Production Specialist,0,0,1,0,0,0,0,0,0,0,0,1,1
Bird Control Account Manager and Supervisor,0,0,1,0,0,0,0,0,0,0,0,1,1
Blender Animator (Contract),1,0,0,0,0,0,0,0,0,0,0,1,1
Blockchain Security Researcher,1,0,0,0,0,1,0,0,0,0,0,1,1
Blog writer and virtual assistant,0,0,1,0,0,0,0,0,0,0,0,1,1
Board Certified Behavior Analyst,0,0,0,0,0,0,0,0,0,0,0,2,2
Board Member,0,0,1,0,0,0,0,0,0,0,0,1,1
Booking Producer,0,0,1,0,0,0,0,0,0,0,0,1,1
Bookkeeper,0,0,2,0,0,0,0,1,0,0,0,2,2
Branch Manager,0,0,1,0,0,0,0,0,0,0,1,1,1
Brand Ambassador/Local Market Expert,0,0,0,0,0,0,0,0,0,0,0,1,1
Brand Representative,0,0,1,0,0,0,0,0,0,0,0,1,1
Budget Analyst,0,0,0,0,1,0,0,1,0,0,0,2,2
Building Enclosure Engineer/Architect,0,0,1,0,0,0,0,0,0,0,0,1,1
Building Engineer,0,0,1,0,0,0,0,0,0,0,0,1,1
Building Maintenance Manager,0,0,1,0,0,0,0,0,0,0,0,1,1
Business Analyst,0,0,2,0,0,0,0,0,0,0,0,2,2
Business Analyst 4,0,0,1,0,0,0,0,1,0,0,0,1,1
Business Analyst III,0,0,1,0,0,0,0,0,0,0,0,1,1
"Business Controlling, Full Value Chain Americas",0,0,1,0,0,0,0,0,0,0,0,1,1
Business Development Account Manager,0,0,1,0,0,0,0,0,0,0,0,1,1
Business Development Associate,0,0,1,0,0,0,0,0,0,0,0,1,1
Business Development Manager,0,0,0,0,0,0,0,0,0,0,0,2,2
Business Development Representative,0,0,1,0,0,0,0,0,0,0,0,1,1
Business Development Representative (BDR) - Lead Finder,0,0,0,0,0,0,0,0,0,0,0,1,1
Business Development Specialist,0,0,1,0,0,0,0,0,0,0,0,2,2
Business Development and Commercial Sales Manager,0,0,1,0,0,0,0,0,0,0,0,1,1
Business Intelligence Analyst,0,1,1,0,0,0,0,0,0,0,0,1,1
Business Intelligence Developer,1,1,0,0,0,0,0,0,0,0,0,1,1
Business Office Manager,0,0,1,0,0,0,0,0,0,0,0,1,1
Business Service Technician,0,0,1,0,0,0,0,0,0,0,0,1,1
Business System Analyst IT Applications -merchandise planning,0,0,1,0,0,0,0,0,0,0,0,1,1
CH 18 Machine Operator - 2nd Shift,0,0,0,0,0,0,0,0,0,0,0,1,1
CH 9 Machine Operator 2nd Shift,0,0,0,0,0,0,0,0,0,0,0,1,1
CHIEF OF STAFF,0,0,1,0,0,0,0,0,0,0,0,1,1
CMMS,0,0,0,0,0,0,0,0,0,0,0,1,1
CNC MACHINSITS NEEDED,0,0,0,0,0,0,0,0,0,0,0,1,1
CNC Machine Operator,0,0,1,0,0,0,0,0,0,0,0,1,1
CNC Machine Operator 3rd shift,0,0,0,0,0,0,0,0,0,0,0,1,1
CNC Machinist,0,0,0,0,0,0,0,0,0,0,0,1,1
CNC Maintenance Mechanic,0,0,1,0,0,0,0,0,0,0,0,1,1
CNC Operator 2nd Shift,0,0,0,0,0,0,0,0,0,0,0,1,1
CNC Programmer,0,0,0,0,0,0,0,0,0,0,0,1,1
CPA,0,0,1,0,0,0,0,1,0,0,0,1,1
CRA Officer (Community Reinvestment Officer),0,0,0,0,0,0,0,0,0,0,0,1,1
CT Technologist,0,0,0,0,0,0,0,0,0,0,0,1,1
Call Center Representative,0,0,0,0,0,0,0,0,0,0,0,1,1
Call Center-REMOTE,0,0,0,0,0,0,0,0,0,0,0,1,1
Campaigns Director,0,0,1,0,0,0,0,0,0,0,0,1,1
Car Salesperson,0,0,1,0,0,0,0,0,0,0,0,1,1
Cardiac Sonographer,0,0,0,0,0,0,0,0,0,0,0,1,1
Care Coordinator,0,0,1,0,0,0,0,0,0,0,0,1,1
Cashier Associate,0,0,0,0,0,0,0,0,0,0,0,3,3
Casino Player Development Director,0,0,1,0,0,0,0,1,0,0,0,1,1
"Category Manager, Juice",0,0,1,0,0,0,0,0,0,0,0,1,1
"Certified Home Health Aid (HHA), Hospice",0,0,0,0,0,0,0,0,0,0,0,1,1
Certified Medical Assistant,0,0,1,0,0,0,0,0,0,0,0,1,1
Certified Public Accountant,0,0,0,0,0,0,0,1,0,0,0,1,1
Chairperson,0,0,0,0,0,0,0,0,0,0,0,1,1
"Change Control Specialist, NA ",0,0,1,1,0,0,0,0,0,0,0,1,1
Chemist I ,0,0,0,0,0,0,0,0,0,0,0,1,1
Chief Development Officer,0,0,1,0,0,0,0,0,0,0,0,1,1
Chief Engineer,0,0,0,0,0,0,0,1,0,0,0,1,1
Chief Executive Officer,0,0,0,0,0,0,0,0,0,0,0,1,1
Chief Operating Officer,0,0,2,0,0,0,0,0,0,0,0,2,2
Chief Revenue Officer,0,0,0,0,0,0,0,0,0,0,0,1,1
Child Custody Recommending Counselor,0,0,0,0,0,0,0,1,0,0,0,1,1
Civil Engineering - Utilities & Public Works Project Manager,0,0,0,0,0,0,0,0,0,0,0,1,1
Claim Manager,0,0,1,0,0,0,0,0,0,0,0,1,1
Claims Technician,0,0,0,0,0,0,0,0,0,0,0,1,1
Cleaner,0,0,1,0,0,0,0,0,0,0,0,2,2
Cleaning Personnel,0,0,0,0,0,0,0,0,0,0,0,1,1
Clerk 1/ Community Service Aide,0,0,1,0,0,0,0,0,0,0,0,1,1
Clerk II,0,0,0,0,0,0,0,1,0,0,0,1,1
Client Account Specialist,0,0,1,0,0,0,0,0,0,0,0,1,1
Client Relationship Executive,0,0,1,0,0,0,0,0,0,0,0,1,1
Client Relationship Manager,0,0,1,0,0,0,0,0,0,0,0,1,1
Client Relationship Specialist,0,0,1,0,0,0,0,0,0,0,0,1,1
Client Service Associate,0,0,0,0,0,0,0,0,0,0,0,1,1
Client Service Associate / Practice Manager,0,0,0,0,0,0,0,0,0,0,0,1,1
Client Service Representative,0,0,0,0,0,0,0,0,0,0,0,1,1
Client Services Associate,0,0,2,0,0,0,0,0,0,0,0,2,2
Client Solutions Manager - South Bay,0,0,1,0,0,0,0,0,0,0,0,1,1
Client Success Manager (Locums Tenens),0,0,0,0,0,0,0,0,0,0,0,1,1
"Client Support Specialist, Weekend Full-Time",0,0,1,0,0,0,0,0,0,0,0,1,1
Clinical Advisor,0,0,0,0,0,0,0,0,0,0,0,1,1
Clinical Appeals Manager (RN),0,0,1,0,0,0,0,0,0,0,0,1,1
Clinical Contracts Manager (Seattle/Santa Monica/Parsippany/Foster City),0,0,0,0,0,0,0,0,0,0,0,1,1
"Clinical Manager - Med Surg, Surgical Oncology",0,0,0,0,0,0,0,0,0,0,0,1,1
Clinical Manager - Nurses Wanted!,0,0,0,0,0,0,0,0,0,0,0,1,1
Clinical Manager - RN,0,0,1,0,0,0,0,0,0,0,0,1,1
Clinical Pharmacist,0,0,0,0,0,0,0,1,0,0,0,1,1
Clinical Pharmacist - OP,0,0,1,0,0,0,0,1,0,0,0,1,1
Clinical Program Supervisor,0,0,0,0,0,0,0,0,0,0,0,1,1
Clinical Revenue Supervisor,0,0,1,0,0,0,0,0,0,0,0,1,1
Clinical Trainee / Pre-Liscneded Therapist,0,0,0,0,0,0,0,0,0,0,0,1,1
Clinician Neurofeedback Lead,0,0,1,0,0,0,0,1,0,0,0,1,1
Closeout Administrator,0,0,1,0,0,0,0,1,0,0,0,1,1
Cloud / .NET Developer,0,0,0,0,0,0,0,0,1,0,0,1,1
Cloud DevOps Engineer,1,1,0,0,0,0,0,1,0,0,0,1,1
Cloud Platform/ Big Data Engineer,1,0,0,0,0,0,1,1,1,0,0,1,1
Cloud Product Manager,0,0,1,0,0,0,0,1,1,0,0,1,1
Co-Founder,0,0,0,0,0,0,0,0,0,0,0,1,1
Colleague Software Programmer,0,1,0,0,0,0,0,0,0,0,0,1,1
Collections Analyst,0,0,0,0,0,0,0,0,0,0,0,1,1
Collections Operator in Training,0,0,0,0,0,0,0,0,0,0,0,1,1
ComEd - Maint Mech 0 Cert Fleet,0,0,1,0,0,0,0,1,0,0,0,1,1
Commercial / Business Litigation Attorney,0,0,0,0,0,0,0,1,0,0,0,1,1
Commercial Appraiser Manager,0,0,0,0,0,0,0,0,0,0,0,1,1
Commercial Auto Underwriter Assistant,0,0,1,0,0,0,0,0,0,0,0,1,1
Commercial CSR (trucking),0,0,1,0,0,0,0,0,0,0,0,1,1
Commercial Construction Project Managers/Superintendents,0,0,0,0,0,0,0,0,0,0,0,1,1
Commercial Helper I,0,0,0,0,0,0,0,0,0,0,0,1,1
Commercial Helper II,0,0,0,0,0,0,0,0,0,0,0,1,1
Commercial Insurance Account Assistant - Hybrid,0,0,0,0,0,0,0,0,0,0,0,1,1
Commercial Insurance Account Manager,0,0,0,0,0,0,0,0,0,0,0,1,1
Commercial Insurance Placement Specialist - Hybrid Remote,0,0,0,0,0,0,0,0,0,0,0,1,1
Commercial Lines Account Manager - Workers' Compensation,0,0,1,0,0,0,0,0,0,0,0,1,1
Commercial Lines Producer-Mid/Large Market,0,0,1,0,0,0,0,0,0,0,0,1,1
Commercial Lines Producer-Small Market,0,0,0,0,0,0,0,0,0,0,0,1,1
Commercial Lines Small Business Account Manager,0,0,1,0,0,0,0,1,0,0,0,1,1
Commercial Litigation Associate Attorney,0,0,0,0,0,0,0,0,0,0,0,1,1
Commercial Loan Officer,0,0,1,0,0,0,0,0,0,0,0,1,1
Commercial Property Manager,0,0,1,0,0,0,0,0,0,0,0,1,1
Commercial Real Estate Attorney,0,0,1,0,0,0,0,1,0,0,0,1,1
Commercial Real Estate Broker,0,0,2,0,0,0,0,0,0,0,0,2,2
Commercial Sales Manager - SE,0,0,1,0,0,0,0,0,0,0,0,1,1
Communication and Change Manager,0,0,1,0,0,0,0,0,0,0,0,1,1
Communications Intern,0,0,0,0,0,0,0,1,0,0,0,1,1
Community Association Manager- Portfolio,0,0,1,0,0,0,0,0,0,0,0,1,1
Community Engagement Coordinator,0,0,0,0,0,0,0,0,0,0,0,1,1
Community Program Assistant,0,0,1,0,0,0,0,0,0,0,0,1,1
Community Support Specialist,0,0,0,0,0,0,0,0,0,0,0,1,1
Company Driver,0,0,1,0,0,0,0,1,0,0,0,1,1
Computer Field Service Technician ,0,0,0,0,0,0,0,0,0,0,0,1,1
Computer Scientist,0,0,0,0,0,0,0,0,0,0,0,1,1
Construction Accountant,0,0,1,0,0,0,0,0,0,0,0,1,1
Construction Estimator,0,0,0,0,0,0,0,0,0,0,0,1,1
Construction GL Underwriters (2),0,0,0,0,0,0,0,0,0,0,0,1,1
Construction Manager,0,0,1,0,0,0,0,1,0,0,0,1,1
Construction Materials Tester,0,0,1,0,0,0,0,0,0,0,0,1,1
Construction Project Manager,0,0,3,0,0,0,0,0,0,0,0,5,5
Construction Sales Engineer,0,0,1,0,0,0,0,0,0,0,0,1,1
Construction Superintendent,0,0,0,0,0,0,0,1,0,0,0,2,2
Consultant,0,0,1,0,0,0,0,0,0,0,0,1,1
Consultant Global Workforce Relations,0,0,1,0,0,0,0,1,0,0,0,1,1
Consulting Manager,0,0,2,0,0,0,0,0,0,0,0,2,2
Contact Center Agent,0,0,0,0,0,0,0,0,0,0,0,1,1
Content Creator/Videographer Role,0,0,0,0,0,0,0,0,0,0,0,1,1
Content Manager (INTERNSHIP),0,0,0,0,0,0,0,0,0,0,0,1,1
Content Strategist,0,0,1,0,0,0,0,0,0,0,0,1,1
"Content Writer, Communications",0,0,1,0,0,0,0,0,0,0,0,1,1
Continuous Improvement Engineer,1,0,1,0,0,0,1,0,0,0,0,1,1
Continuous Improvement Manager,0,0,1,0,0,0,0,0,0,0,0,1,1
Contract Administrator,0,0,1,1,0,0,0,1,0,0,0,2,2
Contract Licensed Clinical or Counseling Psychologist,0,0,1,0,0,0,0,0,0,0,0,1,1
Control Room Compliance Officer,0,0,0,0,0,0,0,1,0,0,0,1,1
Controller,0,0,2,0,0,0,0,0,0,0,0,2,2
Controls Engineer,0,0,1,0,0,0,0,0,0,0,0,1,1
Convention Sales and Business Development Manager,0,0,0,0,0,0,0,0,0,0,0,1,1
Cook,0,0,1,0,0,0,0,0,0,0,0,1,1
Coordinator for Multicultural Student Organizations,0,0,0,0,0,0,0,1,0,0,0,1,1
"Coordinator, Global Programs & Operations -*see application process",0,0,0,0,0,0,0,0,0,0,0,1,1
"Coordinator, Partnership Development",0,0,1,0,0,0,0,1,0,0,0,1,1
Corporate & Entrepreneurial Interviewer,0,0,1,0,0,0,0,0,0,0,0,1,1
Corporate Accountant,0,0,0,0,0,0,0,0,0,0,0,1,1
Corporate Controller,0,0,1,0,0,0,0,0,0,0,0,2,2
Corporate Receptionist,0,0,1,0,0,0,0,0,0,0,0,1,1
Cost Accountant,0,0,1,0,0,0,0,0,0,0,0,1,1
Counsel,0,0,1,0,0,0,0,0,0,0,0,1,1
Counter Sales Representative,0,0,1,0,0,0,0,0,0,0,0,1,1
Court Executive 2B,0,0,0,0,0,0,0,0,0,0,0,1,1
Creative Content Developer (323565),0,0,1,0,0,0,0,0,0,0,0,1,1
Creative Development Intern,0,0,0,0,0,0,0,0,0,0,0,1,1
Creative Director,0,0,1,0,0,0,0,0,0,0,0,1,1
Creative and Social Intern,0,0,1,0,0,0,0,0,0,0,0,1,1
Crew Member,0,0,0,0,0,0,0,0,0,0,0,1,1
Custodial Supervisor,0,0,0,0,0,0,0,0,0,0,0,1,1
Customer Advocacy Manager,0,0,1,0,0,0,0,0,0,0,0,1,1
Customer Marketing Manager (Hybrid/Columbia MD,0,0,1,0,0,0,0,1,0,0,0,1,1
Customer Service / Reservationist,0,0,0,0,0,0,0,0,0,0,0,1,1
Customer Service Agent,0,0,1,0,0,0,0,0,0,0,0,1,1
Customer Service Manager,0,0,1,0,0,0,0,0,0,0,0,1,1
Customer Service Representative,0,0,3,0,0,0,0,0,0,0,0,6,6
Customer Service Representative 1 (Promo Roll),0,0,0,0,0,0,0,0,0,0,0,1,1
Customer Service Specialist,0,0,1,0,0,0,0,0,0,0,0,1,1
Customer Success Manager,0,0,1,0,0,0,0,0,0,0,0,1,1
Cyber security /Report Developer ( W2 Role),1,1,1,1,1,1,0,1,0,0,0,1,1
Cybersecurity Test Engineer – Remote,0,0,0,0,0,0,0,1,0,0,0,1,1
DDI Engineer,1,0,1,0,0,0,0,0,0,0,0,1,1
DIRECTOR OF MARKETING,0,0,0,0,0,0,0,0,0,0,0,1,1
DRG Nurse Reviewer,0,0,0,0,0,0,0,1,0,0,0,1,1
Dashboard BI Developer,0,1,1,0,0,0,0,0,1,0,0,1,1
Data Analyst,1,1,1,0,0,0,0,0,0,0,0,1,1
Data Architect,1,1,0,0,0,0,0,1,0,0,1,1,1
Data Engineer,1,2,1,0,1,0,1,1,1,0,1,2,2
Data Engineer/ETL,0,1,0,0,0,0,1,1,0,0,0,1,1
Data Entry Specialist,0,0,2,0,0,0,0,0,0,0,0,2,2
Data Management Analyst,0,1,0,0,0,0,0,0,0,0,0,1,1
Data Processor,0,0,1,0,0,0,0,0,0,0,0,1,1
Data Science Software Engineer,1,1,1,0,0,0,0,1,1,0,0,1,1
Data Scientist Job,1,1,0,1,1,1,0,0,0,0,0,1,1
Data Team Lead,1,0,0,0,0,1,0,0,0,0,0,1,1
Database Administrator (BOCA RATON),0,1,1,0,0,0,0,1,0,0,0,1,1
Day Habilitation Specialist,0,0,0,0,0,0,0,0,0,0,0,1,1
Decedent Affairs Coordinator,0,0,1,0,0,0,0,0,0,0,0,1,1
Delivery Driver (Part Time),0,0,1,0,0,0,0,0,0,0,0,1,1
Demand Planner,0,1,1,1,0,0,0,0,0,0,0,1,1
Dental Assistant,0,0,0,0,0,0,0,0,0,0,0,2,2
Dental Assistant-Oral Surgery/Endo/General Anesthesia,0,0,1,0,0,0,0,0,0,0,0,1,1
Dental CAD/CAM Designer - $20-$30/hour,0,0,0,0,0,0,0,0,0,0,0,1,1
Dental Hygienist - choose your shift,0,0,0,0,0,0,0,0,0,0,0,1,1
Dental Receptionist,0,0,1,0,0,0,0,0,0,0,0,1,1
Dentist,0,0,0,0,0,0,0,0,0,0,0,1,1
Deputy City Manager - Chief Financial Officer,0,0,0,0,0,0,0,0,0,0,0,1,1
Design Center Coordinator,0,0,1,0,0,0,0,0,0,0,0,1,1
"Design Consultant, Nashville, TN",0,0,0,0,0,0,0,0,0,0,0,1,1
Design Engineer,0,0,0,0,0,0,0,0,0,0,0,1,1
Design Engineer (Stellantis Background),0,0,1,0,0,0,0,0,0,0,0,1,1
Desktop Support Technician,0,0,0,0,0,0,0,0,0,0,0,2,2
DevOps Engineer,0,0,0,0,0,0,1,0,1,0,0,1,1
DevSecOps Engineer,1,0,0,0,0,0,0,0,1,0,0,1,1
Development Director,0,0,0,0,0,0,0,0,0,0,0,1,1
Dialysis Technician,0,0,1,0,0,0,0,0,0,0,0,1,1
Diesel Mechanic | Entry Level Technician,0,0,1,0,0,0,0,0,0,0,0,1,1
"Diesel Mechanic | Entry Level Technician | $3,000 Bonus",0,0,1,0,0,0,0,0,0,0,0,1,1
Digital Analyst (Google Analytics),0,0,1,1,1,0,0,1,1,0,0,1,1
Digital Asset Management Specialist ,0,0,1,0,0,0,0,0,0,0,0,1,1
Digital Content Specialist,0,0,1,0,0,0,0,0,0,0,0,1,1
Digital Designer,0,0,1,0,0,0,0,0,0,0,0,1,1
Digital Marketing Intern,0,0,1,0,0,0,0,0,0,0,0,2,2
Digital Marketing Manager,0,0,1,0,0,0,0,0,0,0,0,2,2
Digital Marketing Specialist,0,0,0,0,0,0,0,0,0,0,0,1,1
Dir / Sr Dir SaaS Development,0,0,1,0,0,0,1,1,1,0,0,1,1
Director Origination,0,0,0,0,0,0,0,0,0,0,0,1,1
Director of Childhood Education ,0,0,1,0,0,0,0,0,0,0,0,1,1
Director of Communications and Digital Diplomacy,0,0,1,0,0,0,0,0,0,0,0,1,1
Director of Compliance,0,0,0,0,0,0,0,0,0,0,0,1,1
Director of Economic Development,0,0,0,0,0,0,0,0,0,0,0,1,1
Director of Educated Workforce Strategy,0,0,0,0,0,0,0,0,0,0,0,1,1
Director of Finance,0,0,1,0,0,0,0,0,0,0,0,2,2
Director of Operations,0,0,1,0,0,0,0,1,0,0,0,1,1
Director of Project Management (ecological restoration),0,0,0,0,0,0,0,0,0,0,0,1,1
Director of Public Works,0,0,1,0,0,0,0,1,0,0,0,1,1
Director of Sales,0,0,2,0,0,0,0,0,0,0,0,2,2
Director of Technical Operations,0,0,1,0,0,0,0,0,0,0,0,1,1
Director of Training,0,0,1,0,0,0,0,0,0,0,0,1,1
"Director, Design & Construction ",0,0,1,0,0,0,0,1,0,0,0,1,1
"Director, DevOps, Scientific American",1,1,0,0,0,0,0,1,0,0,0,1,1
"Director, Epitaxy Process Engineering",0,0,1,0,0,0,0,0,0,0,0,1,1
"Director, Finance Business Systems",0,0,0,0,0,0,0,0,0,0,0,1,1
"Director, Global Compliance",0,0,0,0,0,0,0,0,0,0,0,1,1
"Director, Investment Sales",0,0,1,0,0,0,0,0,0,0,0,1,1
"Director, Systems Architect (PMIC)",0,0,0,0,0,0,0,0,0,0,0,1,1
Dispatch Coordinator,0,0,1,0,0,0,0,1,0,0,0,1,1
Dispensary Owner,0,0,0,0,0,0,0,0,0,0,0,1,1
Display Software Engineer (16939),1,0,1,0,0,0,0,0,0,0,0,1,1
Distribution/Warehousing Support Manager,0,0,0,0,0,0,0,0,0,0,0,1,1
Distributor Sales Specialist,0,0,0,0,0,0,0,0,0,0,0,1,1
District Manager,0,0,1,0,0,0,0,0,0,0,0,1,1
Django Engineer,1,0,0,0,0,0,0,0,0,0,0,1,1
Document Production Specialist | Health Insurance Industry (26550),0,0,0,0,0,0,0,0,0,0,0,1,1
Donor Engagement Coordinator,0,0,0,0,0,0,0,0,0,0,0,1,1
Dotnet Developer,0,1,1,0,0,0,1,1,1,0,0,2,2
Driver,0,0,1,0,0,0,0,1,0,0,0,1,1
Driver - CDL (B),0,0,0,0,0,0,0,0,0,0,0,3,3
Driver Trainee,0,0,0,0,0,0,0,0,0,0,0,1,1
Driver | Commercial Front Load | CDL A or B,0,0,0,0,0,0,0,0,0,0,0,1,1
Drone-Car Engineer,0,0,1,0,0,0,0,0,0,0,0,1,1
Dynamics 365 Business Analyst (NO CTC) ,0,0,0,1,0,0,0,0,0,0,0,1,1
EV/Cash Flow Analyst,0,0,1,0,0,0,0,0,0,0,0,1,1
EXPAT Payroll Support Specialist (Bilingual Korean),0,0,0,0,0,0,0,1,0,0,0,1,1
Early Childhood Associate 2024-25 School Year,0,0,0,0,0,0,0,0,0,0,0,1,1
Eastern Regional Sales Coordinator,0,0,1,0,0,0,0,0,0,0,0,1,1
Economic Development and Planning Intern,0,0,1,0,0,0,0,0,0,0,0,1,1
Editor,0,0,1,0,0,0,0,0,0,0,0,1,1
Editorial Assistant,0,0,1,0,0,0,0,1,0,0,0,1,1
Education Budget Manager ,0,0,1,0,0,0,0,0,0,0,0,1,1
Education Coordinator,0,0,1,0,0,0,0,1,0,0,0,1,1
Electrical & Instrumentation Inspectors - Contract,0,0,1,0,0,0,0,0,0,0,0,1,1
Electrical Assembler,0,0,0,0,0,0,0,0,0,0,0,1,1
Electrical Design Engineer,0,0,0,0,0,0,0,0,0,0,0,1,1
Electrical Engineer,0,0,2,0,0,0,0,0,0,0,0,4,4
Electrical Engineer (Power Supply),0,0,0,0,0,0,0,0,0,0,0,1,1
Electrical Engineer Consultant,0,0,1,0,0,0,0,0,0,0,0,1,1
Electrical Engineering Intern,0,0,1,0,0,0,0,0,0,0,0,1,1
Electrical Estimator,0,0,1,0,0,0,0,0,0,0,0,2,2
Electrical Hardware Engineer,1,0,0,0,0,0,0,0,0,0,0,1,1
Electrical and Instrumentation Engineer,0,0,0,0,0,0,0,0,0,0,0,1,1
Electrical and Instrumentation Technician,0,0,0,0,0,0,0,0,0,0,0,1,1
Electrician,0,0,0,0,0,0,0,1,0,0,0,1,1
Electrician Mechanic,0,0,0,0,0,0,0,0,0,0,0,1,1
"Electronics Technician: Production, Service and Testing",0,0,1,0,0,0,0,0,0,0,0,1,1
Elementary School Teacher,0,0,1,0,0,0,0,0,0,0,0,1,1
Email Copywriter,0,0,1,0,0,0,0,0,0,0,0,1,1
Embedded Engineer,1,0,1,0,0,0,0,0,0,0,0,1,1
Embryologist,0,0,1,0,0,0,0,0,0,0,0,1,1
Emergency Medicine,0,0,1,0,0,0,0,0,0,0,0,1,1
Employee Relations Specialist,0,0,0,0,0,0,0,1,0,0,0,1,1
Employment & HR Litigation Attorney,0,0,0,0,0,0,0,0,0,0,0,1,1
Energy and Asset Coordinator,0,0,0,0,0,0,0,0,0,0,0,1,1
Engineering And Maintenance Manager,0,0,1,0,0,0,0,0,0,0,0,1,1
Engineering Project Manager / Project Manager,0,0,0,0,0,0,0,0,0,0,0,1,1
Engineers / Marketing / Various,0,0,0,0,0,0,0,0,0,0,0,1,1
Enterprise Account Executive - Pacific North West (SLED),0,0,0,0,0,0,0,0,0,0,0,1,1
Enterprise Data & Analytics Infrastructure Manager,0,0,0,0,0,0,0,0,0,0,0,1,1
Entry Level Account Manager – Relocation Department,0,0,0,0,0,0,0,0,0,0,0,1,1
Entry Level Esthetician,0,0,0,0,0,0,0,0,0,0,0,1,1
Entry Level Financial Professional,0,0,1,0,0,0,0,0,0,0,0,1,1
Entry Level Oracle Financial Technology Consultant,0,0,0,0,0,0,0,0,0,0,0,1,1
Entry-Level Ecologist,0,0,1,0,0,0,0,0,0,0,0,1,1
Environmental Engineer,0,0,0,0,0,0,0,0,0,0,0,1,1
Environmental Project Manager,0,0,0,0,0,0,0,1,0,0,0,1,1
Environmental Protection Specialist,0,0,0,0,0,0,0,0,0,0,0,1,1
Epic Beaker Application Analyst,0,0,1,0,0,0,0,0,0,0,0,1,1
Equipment Engineer,0,0,0,0,0,0,0,0,0,0,0,2,2
Equipment Maintenance Supervisor,0,0,0,0,0,0,0,0,0,0,0,1,1
Equity Institutional Sales Position,0,0,0,0,0,0,0,0,0,0,0,1,1
Estimation Engineer,0,0,1,0,0,0,0,0,0,0,0,1,1
Estimator - Commercial Construction,0,0,0,0,0,0,0,0,0,0,0,1,1
Event Coordinator,0,0,1,0,0,0,0,0,0,0,0,1,1
Events & Communication Coordinator,0,0,1,0,0,0,0,0,0,0,0,1,1
Events & Communications Assistant,0,0,1,0,0,0,0,0,0,0,0,1,1
Events Coordinator,0,0,1,0,0,0,0,0,0,0,0,1,1
Events Management Associate ,0,0,1,0,0,0,0,0,0,0,0,1,1
Exam Proctor,0,0,0,0,0,0,0,0,0,0,0,1,1
Executive Assistant,0,0,1,0,0,0,0,0,0,0,0,3,3
Executive Assistant (Southeast Platform),0,0,1,0,0,0,0,0,0,0,0,1,1
Executive Assistant / Bookkeeper,0,0,1,0,0,0,0,0,0,0,0,1,1
Executive Assistant to Chief Executive Officer,0,0,1,0,0,0,0,0,0,0,0,1,1
Executive Chef,0,0,1,0,0,0,0,0,0,0,0,1,1
Executive Personal Assistant,0,0,0,0,0,0,0,0,0,0,0,1,1
Exercise Physiologist,0,0,1,0,0,0,0,0,0,0,0,1,1
Experience Product Manager Associate Director,0,0,1,0,1,0,0,0,0,0,0,1,1
Experienced Growth Consultants with OD/OCM experience,0,0,1,0,0,0,0,0,0,0,0,1,1
Expert React Frontend Developer,0,0,1,0,0,0,1,0,0,0,0,1,1
External Mortgage Loan Officer,0,0,0,0,0,0,0,1,0,0,0,1,1
FIELD SALES REPRESENTATIVE - North Carolina,0,0,1,0,0,0,0,0,0,0,0,1,1
"FL Bar Associate Attorney Tax, Trusts, and Estates",0,0,0,0,0,0,0,0,0,0,0,1,1
FP&A Analyst,0,1,1,1,1,0,0,0,0,0,0,1,1
FPGA Development Engineer,0,0,1,0,0,0,0,0,0,0,0,1,1
FT Relationship Banker I or II,0,0,0,0,0,0,0,0,0,0,0,1,1
Fabricator,0,0,1,0,0,0,0,0,0,0,0,1,1
Facilities Representative,0,0,0,0,0,0,0,0,0,0,0,1,1
Facility Engineer,0,0,1,0,0,0,0,0,0,0,0,1,1
Facility Maintenance,0,0,0,0,0,0,0,0,0,0,0,1,1
Factory Engineering Project Manager,0,0,1,0,0,0,0,0,0,0,0,1,1
Fair Lending Compliance Analyst,0,0,0,0,0,0,0,1,0,0,0,1,1
Family Assistant,0,0,1,0,0,0,0,0,0,0,0,1,1
Family Physician,0,0,1,0,0,0,0,0,0,0,0,1,1
Federal Grant and Assessment Director,0,0,0,0,0,0,0,0,0,0,0,1,1
Fiber Construction Manager,0,0,0,0,0,0,0,0,0,0,0,1,1
Field Director,0,0,1,0,0,0,0,0,0,0,0,1,1
"Field Office ISSM - Open Rank-RS-Albuquerque, NM",0,0,2,0,0,0,0,2,0,0,0,2,2
Field Operations Specialist,0,0,0,0,0,0,0,0,0,0,0,1,1
"Field Sales Account Executive, Portland/Vancouver",0,0,1,0,1,0,0,0,0,0,0,1,1
Field Sales Consultant,0,0,1,0,0,0,0,0,0,0,0,1,1
Field Sales Representative,0,0,0,0,0,0,0,0,0,0,0,1,1
Field Service Technician,0,0,0,0,0,0,0,0,0,0,0,3,3
Field Service Technician (Residential ESS),0,0,1,0,0,0,0,0,0,0,0,1,1
"Field Service Technician, BU",0,0,0,0,0,0,0,0,0,0,0,1,1
Finance & Administrative Coordinator,0,0,1,0,0,0,0,0,0,0,0,1,1
Financial Accountant,0,0,1,0,0,0,0,1,0,0,0,1,1
Financial Accounting Specialist,0,0,1,0,0,0,0,0,0,0,0,1,1
Financial Advisor,0,0,3,0,0,0,0,0,0,0,0,4,4
Financial Advisor (Sales Role-Training Provided),0,0,0,0,0,0,0,0,0,0,0,1,1
Financial Analyst,0,0,1,0,0,0,0,1,0,0,0,1,1
Financial Consultant,0,0,0,0,0,0,0,0,0,0,0,1,1
Financial Counselor,0,0,1,0,0,0,0,0,0,0,0,1,1
Financial Director,0,0,1,0,0,0,0,0,0,0,0,1,1
Financial Operations & Decision Support Manager,0,0,1,1,0,0,0,1,0,0,0,1,1
Financial Planning Specialist,0,0,0,0,0,0,0,0,0,0,0,1,1
Financial Professional,0,0,1,0,0,0,0,0,0,0,0,1,1
Financial Professional (REMOTE),0,0,1,0,0,0,0,0,0,0,0,1,1
Financial Reporting Senior Specialist,0,0,0,0,0,0,0,1,0,0,0,1,1
Financial Representative,0,0,0,0,0,0,0,0,0,0,0,1,1
Financial Services Representative,0,0,1,0,0,0,0,0,0,0,0,1,1
Finishing Editor,0,0,0,0,0,0,0,0,0,0,0,1,1
Fire Sprinkler Designer,0,0,1,0,0,0,0,0,0,0,0,1,1
Fitness Sales General Manager,0,0,1,0,0,0,0,0,0,0,0,1,1
Fixed Income Data Modeler,0,1,1,0,0,0,0,1,0,0,0,1,1
Fleet Manager,0,0,0,0,0,0,0,1,0,0,0,1,1
Fleet Operations Specialist,0,0,1,0,0,0,0,1,0,0,0,1,1
Flight Software Engineer,0,0,0,0,0,0,0,0,0,0,0,1,1
Fluorescent Penetrant Inspector,0,0,0,0,0,0,0,0,0,0,0,1,1
Food Safety & Quality (FSQ) Supervisor,0,0,1,0,0,0,0,0,0,0,0,1,1
Forensic Structural Engineer,0,0,0,0,0,0,0,0,0,0,0,1,1
"Foreperson, Commuter Rail",0,0,0,0,0,0,0,0,0,0,0,1,1
Formulations & Material Handling Team Leader,0,0,0,0,0,0,0,0,0,0,0,1,1
Founding Front-End Engineer (Web),0,0,0,0,0,0,1,0,0,0,0,1,1
Founding High School Science Teacher,0,0,0,0,0,0,0,0,0,0,0,1,1
Fractional CFO,0,0,1,0,0,0,0,0,0,0,0,1,1
Franchise Business Coach,0,0,1,0,0,0,0,0,0,0,0,1,1
Franchise Training Coordinator,0,0,0,0,0,0,0,0,0,0,0,1,1
Fraud Operations Manager,0,1,1,0,0,1,0,0,0,0,0,1,1
Fraud Prevention Officer (Data Position),0,0,0,0,0,0,0,0,0,0,0,1,1
Freelance,0,0,0,0,0,0,0,0,0,0,0,1,1
Freelance Copywriter,0,0,1,0,0,0,0,0,0,0,0,1,1
Freight Agent / Broker,0,0,1,0,0,0,0,0,0,0,0,1,1
Freight Broker,0,0,1,0,0,0,0,0,0,0,0,1,1
Front Desk Administrator,0,0,0,0,0,0,0,0,0,0,0,1,1
Front Desk Support,0,0,1,0,0,0,0,0,0,0,0,1,1
Front Office Specialist,0,0,1,0,0,0,0,0,0,0,0,1,1
Front end specialist,0,0,0,0,0,0,0,0,0,0,0,1,1
Front of House,0,0,1,0,0,0,0,0,0,0,0,1,1
Front of House Manager/AGM,0,0,1,0,0,0,0,0,0,0,0,1,1
Frontend Engineer,0,0,0,0,0,0,1,0,0,0,0,1,1
Full Manager Bookkeeper (26394),0,0,0,0,0,0,0,1,0,0,0,1,1
Full Stack Engineer,1,1,1,0,0,0,2,2,1,0,0,3,3
Full stack Azure .Net,0,1,0,0,0,0,1,0,1,0,0,1,1
Fullstack Developer,0,1,0,0,0,0,1,1,1,0,0,1,1
Fulltime RN - TheraCare Home Health Houston,0,0,1,0,0,0,0,0,0,0,0,1,1
Fund Controller,0,0,1,0,0,0,0,0,0,0,0,1,1
Fundraising Associate,0,0,0,0,0,0,0,0,0,0,0,1,1
Gas Engineer II,0,0,0,0,0,0,0,1,0,0,0,1,1
General Dentist,0,0,0,0,0,0,0,0,0,0,0,3,3
General Dermatologist,0,0,0,0,0,0,0,0,0,0,0,1,1
General Laborer,0,0,1,0,0,0,0,0,0,0,0,1,1
General Manager,0,0,4,0,0,0,0,1,0,0,0,5,5
General Operator 3rd Shift,0,0,0,0,0,0,0,0,0,0,0,1,1
Generalist - Third-Party Logistics,0,0,1,0,0,0,0,0,0,0,0,1,1
Generative AI Engineer,0,0,0,0,0,1,0,1,1,0,0,1,1
Geographic Information System Specialist,1,1,1,0,0,0,1,0,0,0,0,1,1
"Global Graduate, Aerospace",0,0,1,0,0,0,0,0,0,0,0,1,1
Graduate Business Analyst,0,1,1,0,0,0,0,0,0,0,0,1,1
Grants Writer - Subcontract,0,0,1,0,0,0,0,0,0,0,0,1,1
Graphic Designer,0,0,1,0,0,0,0,0,0,0,0,2,2
Graphic Designer ,0,0,1,0,0,0,0,0,0,0,0,1,1
Graphic and Website Design Specialist,0,0,0,0,0,0,0,0,0,0,0,1,1
Group Benefits Account Manager,0,0,1,0,0,0,0,0,0,0,0,1,1
Group Fitness Instructor,0,0,1,0,0,0,0,0,0,0,0,2,2
Guest Experience Specialist,0,0,1,0,0,0,0,1,0,0,0,1,1
"HIT Marketing, Sr Manager",0,0,1,0,0,0,0,0,0,0,0,1,1
HR & Administrative Assistant,0,0,1,0,0,0,0,1,0,0,0,1,1
HR Manager,0,0,1,0,0,0,0,1,0,0,0,1,1
HRIS & People Data Administrator,0,0,1,1,0,0,0,0,0,0,0,1,1
HRIS Analyst,0,0,0,0,0,0,0,0,0,0,0,1,1
HRIS Analyst | Remote,0,0,0,0,0,0,0,0,0,0,0,1,1
HVAC Residential Sales,0,0,1,0,0,0,0,0,0,0,0,1,1
HVAC Technician,0,0,0,0,0,0,0,0,0,0,0,2,2
Hardware Design Engineer,1,0,0,0,0,0,0,1,0,0,0,1,1
Hardware Engineering Technical Leader ,0,0,1,0,0,0,0,0,0,0,0,1,1
Hardware QC Engineer,1,0,0,0,0,0,0,0,0,0,0,1,1
Head of Accounting,0,0,1,0,0,0,0,0,0,0,0,1,1
Head of Client Relations,0,0,1,0,0,0,0,0,0,0,0,1,1
Head of Client Services,0,0,0,0,0,0,0,0,0,0,0,1,1
Head of Content / Search Engine Optimization Copywriter,0,0,1,0,0,0,0,0,0,0,0,1,1
Head of Product,0,0,1,0,0,0,0,0,0,0,0,1,1
Head of Sales,0,0,1,0,0,0,0,0,0,0,0,1,1
Health Actuary  - PR12664A,0,0,0,0,0,0,0,0,0,0,0,1,1
Healthcare Call Center,0,0,0,0,0,0,0,0,0,0,0,1,1
Healthcare QA,1,0,0,0,0,0,0,0,0,0,0,1,1
Healthcare Recruiter,0,0,1,0,0,0,0,0,0,0,0,1,1
Heat Treat Manager,0,0,0,0,0,0,0,0,0,0,0,1,1
Heat Treat Operator,0,0,0,0,0,0,0,0,0,0,0,1,1
Heating Air Conditioning Technician,0,0,1,0,0,0,0,0,0,0,0,1,1
Heavy Equipment Mechanic,0,0,1,0,0,0,0,0,0,0,0,1,1
Heavy Equipment Operator,0,0,1,0,0,0,0,0,0,0,0,1,1
Heavy Equipment Operator | Transfer Station,0,0,0,0,0,0,0,0,0,0,0,1,1
Heavy Equipment Technician,0,0,0,0,0,0,0,0,0,0,0,2,2
Help Desk Analyst,0,0,1,0,0,0,0,0,0,0,0,1,1
Help Desk Support,0,0,0,0,0,0,0,0,0,0,0,1,1
Hiller Manufacturing Manager,0,0,0,0,0,0,0,0,0,0,0,1,1
Hiring a Contract Lawyer with Probate Experience,0,0,1,0,0,0,0,0,0,0,0,1,1
Hiring for the role of Azure Cloud Engineer,0,0,1,0,0,0,0,0,1,0,0,1,1
Histologist - HT,0,0,1,0,0,0,0,0,0,0,0,1,1
Histology Supervisor,0,0,0,0,0,0,0,0,0,0,0,1,1
Homeless Shelter Manager- La Posada,0,0,1,0,0,0,0,0,0,0,0,1,1
House Coordinator,0,0,1,0,0,0,0,1,0,0,0,1,1
HubSpot Developer & CRM Manager,0,0,1,0,0,0,0,0,0,0,0,1,1
Human Resource Administrator,0,0,1,0,0,0,0,1,0,0,0,1,1
Human Resource Manager,0,0,0,0,0,0,0,1,0,0,0,1,1
Human Resources Coordinator,0,0,0,0,0,0,0,1,0,0,0,1,1
Human Resources Director,0,0,1,0,0,0,0,1,0,0,0,1,1
Human Resources Generalist,0,0,2,0,0,0,0,2,0,0,0,2,2
Human Resources Information System Specialist,0,1,1,0,0,0,1,1,0,0,0,1,1
Human Resources Manager,0,0,1,0,0,0,0,1,0,0,0,1,1
Human Resources Office Support Technician,0,0,1,0,0,0,0,1,0,0,0,1,1
Human Resources Transactions Manager,0,0,0,0,0,0,0,0,0,0,0,1,1
Hygienist - Full Time,0,0,0,0,0,0,0,0,0,0,0,1,1
IAM Security Specialist,0,0,0,0,0,0,0,0,0,0,0,1,1
IT Project Manager (Remote Work Available),0,0,1,0,0,0,0,0,0,0,0,1,1
IT QA Engineer II,0,0,0,0,0,0,0,1,0,0,0,1,1
IT Service Desk Specialist I,0,0,1,0,0,0,0,0,0,0,0,1,1
IT Support Level 2,0,0,0,0,0,0,0,0,0,0,0,1,1
IT Support Specialist,0,0,2,0,0,0,0,0,1,0,0,2,2
Implementation Senior Project Manager,0,0,1,0,0,0,0,0,0,0,0,1,1
Inbound Call Center Specialist,0,0,0,0,0,0,0,1,0,0,0,1,1
Inbound Sales & Onboarding Specialist,0,0,1,0,0,0,0,0,0,0,0,1,1
Index Bond Pricing Analyst,0,1,1,0,0,0,0,0,0,0,0,1,1
Industrial Business Development Manager,0,0,1,0,0,0,0,0,0,0,0,1,1
Industrial Maintenance Technician,0,0,0,0,0,0,0,0,0,0,0,1,1
Industrial Sales Representative,0,0,1,0,0,0,0,0,0,0,0,1,1
Industrial/Roll Off Driver - CDL (B),0,0,0,0,0,0,0,0,0,0,0,1,1
Informatica MDM,0,1,0,0,0,0,0,0,0,0,0,1,1
Information Security Manager,0,0,0,0,0,0,0,0,1,0,0,1,1
Information Technology Analyst II,0,1,1,0,0,0,0,0,0,0,0,1,1
Information Technology Manager,0,0,0,0,0,0,0,0,1,0,0,1,1
Information Technology Technician,0,0,0,0,0,0,0,0,0,0,0,1,1
Inside Customer Service Associate,0,0,1,0,0,0,0,0,0,0,0,1,1
Inside Sales Representative Custom Soccer Apparel,0,0,0,0,0,0,0,0,0,0,0,1,1
Inside Sales/Customer Service,0,0,1,0,0,0,0,0,0,0,0,1,1
Installation Engineer,0,0,0,0,0,0,0,0,0,0,0,1,1
Instructional Aide,0,0,1,0,0,0,0,0,0,0,0,1,1
Instructional Coach,0,0,0,0,0,0,0,0,0,0,0,1,1
Instructional Coach - Elementary,0,0,1,0,0,0,0,0,0,0,0,1,1
"Instructor, Computer Information Technology",0,0,0,0,0,0,0,0,0,0,0,1,1
Instrumentation Manufacturing Engineer Intern,0,0,1,0,0,0,0,0,0,0,0,1,1
Insurance Account Manager - New Haven CT,0,0,0,0,0,0,0,1,0,0,0,1,1
Insurance Agent,0,0,1,0,0,0,0,0,0,0,0,1,1
Insurance Broker,0,0,0,0,0,0,0,0,0,0,0,1,1
Insurance Personal Lines Associate Agent  - DC12734,0,0,0,0,0,0,0,0,0,0,0,1,1
Insurance – Personal Lines - DC12731,0,0,0,0,0,0,0,0,0,0,0,1,1
Insurance – Senior Claims Advocate - DC12727,0,0,0,0,0,0,0,0,0,0,0,1,1
Integrated Marketing Manager,0,0,0,0,0,0,0,0,0,0,0,1,1
Interim DON,0,0,0,0,0,0,0,0,0,0,0,1,1
Interim M&A Attorney,0,0,1,0,0,0,0,0,0,0,0,1,1
Interior Designer,0,0,1,0,0,0,0,0,0,0,0,1,1
Intern- Business Analytics,0,0,1,1,1,0,0,0,0,0,0,1,1
Intern: Truck Financial Services Sales Support Analyst (Summer 2024),0,0,1,0,0,0,0,0,0,0,0,1,1
Internet Entrepeneur,0,0,0,0,0,0,0,0,0,0,0,1,1
Internet of Things Engineer,0,0,0,0,0,0,0,0,0,0,0,1,1
Inventory Analyst,0,0,1,0,0,0,0,0,0,0,0,1,1
Inventory Control Associate - 1st Shift,0,0,1,0,0,0,0,0,0,0,0,1,1
Investment Real Estate Sales Advisor,0,0,1,0,0,0,0,0,0,0,0,1,1
Investor Relations Associate,0,0,1,0,0,0,0,0,0,0,0,1,1
Investor Service & Financial Planning Associate,0,0,1,0,0,0,0,1,0,0,0,1,1
Java Architect,0,0,1,0,0,0,1,1,1,0,0,1,1
Java Technical Lead,0,1,0,0,0,0,1,0,1,0,0,1,1
Java architect / Lead Java developer,0,0,0,0,0,0,1,0,0,0,0,1,1
Java full Stack Engineer,0,0,0,0,0,0,1,0,0,0,0,1,1
Journeyman Electrician,0,0,1,0,0,0,0,1,0,0,0,2,2
Jr Business Analyst,0,0,1,0,0,0,0,0,0,0,0,1,1
Junior Business Analyst,0,1,2,0,0,0,0,0,0,0,0,2,2
Junior Engineer - [Full Remote],0,0,0,0,0,0,0,0,0,0,0,1,1
Junior Project Manager,0,0,3,0,0,0,0,1,0,0,0,3,3
Knowledge Digitalization Engineer,1,0,0,0,0,0,1,0,0,0,0,1,1
Lab Technician 3rd shift 10:00pm - 6:30am,0,0,0,0,0,0,0,0,0,0,0,1,1
Labor And Employment Attorney,0,0,0,0,0,0,0,0,0,0,0,1,1
Labor and Delivery - RN,0,0,0,0,0,0,0,0,0,0,0,1,1
Laboratory Assistant (Part-Time),0,0,1,0,0,0,0,1,0,0,0,1,1
Laboratory Coordinator,0,0,1,0,0,0,0,0,0,0,0,1,1
Laboratory Technician,0,0,1,0,0,0,0,0,0,0,0,1,1
Lactation Consultant,0,0,0,0,0,0,0,0,0,0,0,1,1
Land Acquisitions Agent,0,0,0,0,0,0,0,1,0,0,0,1,1
Land Use Planner / Entitlements Director,0,0,1,0,0,0,0,0,0,0,0,1,1
Landscape Construction Business Developer,0,0,1,0,0,0,0,0,0,0,0,1,1
Law Firm Administrator,0,0,1,0,0,0,0,0,0,0,0,1,1
Lead Device Design Engineer (Discrete Power),0,0,0,0,0,0,0,0,0,0,0,1,1
Lead Documentum Consultant,1,1,0,0,0,0,1,1,0,0,0,1,1
Lead Dotnet Developer,0,1,0,0,0,0,0,1,0,0,0,1,1
Lead Financial Analyst,0,0,0,0,0,0,0,0,0,0,0,1,1
"Lead ICFR Analyst / SME  (Internal controls, Big 4, Accounting, Audit) - Remote & Onsite 1 Day a week- LOCALS ONLY",0,1,0,0,0,0,0,0,0,0,0,1,1
Lead Installer,0,0,1,0,0,0,0,0,0,0,0,1,1
Lead Java Fullstack Developer,0,1,1,0,0,0,1,1,1,0,0,1,1
Lead Preschool Teacher (PEL),0,0,1,0,0,0,0,0,0,0,0,1,1
Lead Product Designer,0,0,1,0,0,0,0,0,0,0,0,1,1
Lead Roll Off Driver - CDL (B),0,0,0,0,0,0,0,0,0,0,0,1,1
Lead Sorter,0,0,0,0,0,0,0,0,0,0,0,1,1
Learning & Development Facilitator,0,0,1,0,0,0,0,0,0,0,0,1,1
Learning And Development Specialist,0,0,1,0,0,0,0,0,0,0,0,1,1
Learning Experience Designer/Developer II,0,0,1,0,0,0,0,0,0,0,0,1,1
Learning and Development Intern,0,0,1,0,0,0,0,1,0,0,0,1,1
Leasing & Property Management Specialist (Part-Time with Growth Potential),0,0,1,0,0,0,0,0,0,0,0,1,1
Legal Assistant (Legal Access Officer),0,0,0,0,0,0,0,0,0,0,0,1,1
Legal Assistant / Paralegal,0,0,0,0,0,0,0,0,0,0,0,1,1
Legal Assistant Paralegal,0,0,0,0,0,0,0,0,0,0,0,1,1
Legal Associate (Hedge Fund),0,0,0,0,0,0,0,0,0,0,0,1,1
Legal Secretary,0,0,0,0,0,0,0,0,0,0,0,1,1
Lending Specialist,0,0,1,0,0,0,0,0,0,0,0,1,1
Level 1 Designer,0,0,1,0,0,0,0,0,0,0,0,1,1
Level II Technicians and Assistants (preferably with radiation safety),0,0,1,0,0,0,0,1,0,0,0,1,1
License Specialist ,0,0,0,0,0,0,0,0,0,0,0,1,1
Licensed Acupuncturist,0,0,1,0,0,0,0,0,0,0,0,1,1
Licensed Financial Professional,0,0,0,0,0,0,0,0,0,0,0,1,1
Licensed Health Insurance Agent- Work from Home,0,0,1,0,0,0,0,0,0,0,0,1,1
Licensed Healthcare Insurance Agent - Work from Home,0,0,1,0,0,0,0,0,0,0,0,1,1
Licensed Loan Partner,0,0,1,0,0,0,0,0,0,0,0,1,1
Licensed Mental Health Counselor/ Licensed Clinical Social Worker,0,0,0,0,0,0,0,0,0,0,0,1,1
Licensed Professional Counselor,0,0,0,0,0,0,0,0,0,0,0,1,1
Licensed Property & Casualty Insurance Agent,0,0,1,0,0,0,0,0,0,0,0,1,1
Life & Annuity Actuarial Associate - PR12706,0,1,1,0,0,0,0,0,0,0,0,1,1
Life Coach - Birmingham Campus,0,0,1,0,0,0,0,0,0,0,0,1,1
Line Cook - Mercantile Dining & Provision - DEN Airport,0,0,0,0,0,0,0,0,0,0,0,1,1
Line Worker OAN Temporary,0,0,0,0,0,0,0,0,0,0,0,1,1
Lineman -Journeyman,0,0,0,0,0,0,0,0,0,0,0,1,1
Literature Review Panel Member,0,0,1,0,0,0,0,0,0,0,0,1,1
Litigation Associate,0,0,0,0,0,0,0,0,0,0,0,1,1
Litigation Paralegal,0,0,2,0,0,0,0,1,0,0,0,2,2
Litigation Support Specialist,0,0,1,0,0,0,0,0,0,0,0,1,1
Loan Coordinator,0,0,1,0,0,0,0,0,0,0,0,1,1
"Local City Driver / Forklift Operator, Full-time",0,0,0,0,0,0,0,0,0,0,0,1,1
"Local City Driver / Forklift Operator, Part-time",0,0,0,0,0,0,0,0,0,0,0,1,1
Logistics Operations Engineer,0,0,1,0,0,0,0,0,0,0,0,1,1
Logistics Specialist,0,0,1,0,0,0,0,0,0,0,0,1,1
Looker Developer,1,1,1,0,1,0,0,0,0,0,0,1,1
Loyalty Content Writer & Operations Manager,0,0,0,0,0,0,0,0,0,0,0,1,1
M365 Architect,0,0,0,0,0,0,0,0,1,0,0,1,1
"M365 Cloud Engineer/ Architect- Cypress, CA - Must be US or GC",0,0,0,0,0,0,0,0,1,0,0,1,1
M365 Power-Platform or SharePoint Online Developer,0,0,0,1,0,0,1,0,1,0,0,1,1
MEP Engineer,0,0,0,0,0,0,0,1,0,0,0,1,1
MES/Ignition Consultant || Remote,1,1,1,0,0,0,0,0,0,0,0,1,1
MSP Engineer Level 3,0,1,1,0,0,0,0,1,1,0,0,1,1
Machine Learning Engineer,1,0,0,0,0,0,0,1,1,1,0,1,1
Machine Operator,0,0,0,0,0,0,0,0,0,0,0,2,2
Machining - Grinding Specialist,0,0,0,0,0,0,0,0,0,0,0,1,1
Mainframe z/OS administrator,0,0,1,0,0,0,0,0,0,0,0,1,1
Maintenance Director,0,0,0,0,0,0,0,0,0,0,0,1,1
Maintenance Engineer,0,0,1,0,0,0,0,0,0,0,0,1,1
Maintenance Engineering specialist,0,0,0,0,0,0,0,0,0,0,0,1,1
Maintenance Manager,0,0,1,0,0,0,0,1,0,0,0,2,2
Maintenance Mechanic,0,0,1,0,0,0,0,0,0,0,0,1,1
Maintenance Shop Labor,0,0,0,0,0,0,0,0,0,0,0,1,1
Maintenance Supervisor,0,0,1,0,0,0,0,0,0,0,0,1,1
Maintenance Supervisor (Signals) II (Instructor),0,0,1,0,0,0,0,0,0,0,0,1,1
Maintenance Supervisor II (Structures),0,0,0,0,0,0,0,0,0,0,0,1,1
Maintenance Tech 12A - 2nd Shift,0,0,1,0,0,0,0,0,0,0,0,1,1
Maintenance Tech for Luxury Property,0,0,0,0,0,0,0,0,0,0,0,1,1
Maintenance Technician,0,0,2,0,0,0,0,0,0,0,0,2,2
Maintenance Technician - Night Shift,0,0,0,0,0,0,0,0,0,0,0,1,1
Major Gift Officer,0,0,1,0,0,0,0,0,0,0,0,1,1
"Managed File Transfer Specialist (connect direct , NDM) | REMOTE ROLE",1,0,1,0,0,0,0,0,0,0,0,1,1
Management Assistant,0,0,0,0,0,0,0,0,0,0,0,1,1
Manager,0,0,0,0,0,0,0,0,0,0,0,1,1
Manager - Accounts and Publishers,0,0,1,0,0,0,0,0,0,0,0,1,1
Manager - Digital Marketing,0,0,1,0,0,0,0,0,0,0,0,1,1
Manager Clinical Trial Supply,0,0,1,0,0,0,0,1,0,0,0,1,1
Manager III - OSP Network,0,0,0,0,0,0,0,0,0,0,0,1,1
Manager Part-Time Clarksville WMT,0,0,1,0,0,0,0,0,0,0,0,1,1
Manager Project Engineering (HVAC / Construction)),0,0,0,0,0,0,0,0,0,0,0,1,1
Manager Technology ,1,1,0,0,0,0,0,0,0,0,0,1,1
Manager of Human Resources,0,0,1,0,0,0,0,1,0,0,0,1,1
"Manager, Conference Operations",0,0,1,0,0,0,0,0,0,0,0,1,1
"Manager, Corporate Vertical Sales",0,0,1,0,0,0,0,1,0,0,0,1,1
"Manager, Product Marketing Engineer (Battery)",0,0,0,0,0,0,0,0,0,0,0,1,1
"Manager, Retail Pharmacy",0,0,0,0,0,0,0,0,0,0,0,1,1
"Manager, Software Engineering - SaaS",0,0,1,0,0,0,0,0,0,0,0,1,1
"Manager, Talent and Organizational Development",0,0,1,0,0,0,0,1,0,0,0,1,1
Manufacturing Associate,0,0,0,0,0,0,0,0,0,0,0,1,1
Manufacturing Engineer,0,0,1,0,0,0,0,0,0,0,0,4,4
Manufacturing Engineering Manager,0,0,0,0,0,0,0,0,0,0,0,1,1
Manufacturing Systems Coordinator,0,0,0,0,0,0,0,0,0,0,0,1,1
Manufacturing Upstream Lead,0,0,1,0,0,0,0,0,0,0,0,1,1
Manufacturing and Test Engineer,0,0,0,0,0,0,0,0,0,0,0,1,1
Marina Director,0,0,1,0,0,0,0,1,0,0,0,1,1
Marketing & Communications – Content Writer Internship,0,0,1,0,0,0,0,1,0,0,0,1,1
Marketing & Events Intern,0,0,0,0,0,0,0,0,0,0,0,1,1
Marketing & Office Coordinator,0,0,1,0,0,0,0,0,0,0,0,1,1
Marketing Coordinator,0,0,2,0,0,0,0,0,0,0,0,3,3
Marketing Coordinator / Graphics Specialist,0,0,1,0,0,0,0,0,0,0,0,1,1
Marketing Coordinator/Executive Assistant - Marketing (Pharmaceuticals/Biotech/Medical Devices) HYBRID!!,0,0,1,0,0,0,0,0,0,0,0,1,1
Marketing Intern,0,0,1,0,0,0,0,0,0,0,0,2,2
Marketing Manager,0,0,4,0,0,0,0,0,0,0,0,4,4
Marketing Specialist,0,0,1,0,0,0,0,0,0,0,0,3,3
Marketing Specialist - Membership Growth & Retention,0,0,0,0,0,0,0,0,0,0,0,1,1
Marketing and Events Manager,0,0,1,0,0,0,0,1,0,0,0,1,1
Marketing and Sales Team Lead,0,0,1,0,0,0,0,0,0,0,0,1,1
Master Planner,0,0,0,0,0,0,0,0,0,0,0,1,1
Material Planner (40/Hr),0,0,1,0,0,0,0,0,0,0,0,1,1
Materials Coordinator - Ethanol Plant,0,0,1,0,0,0,0,1,0,0,0,1,1
Materials Manager,0,0,1,0,0,0,0,0,0,0,0,1,1
Meat Manager,0,0,0,0,0,0,0,1,0,0,0,1,1
Mechanical Design Engineer,0,0,1,0,0,0,0,0,0,0,0,1,1
Mechanical Design Engineering Manager,0,0,0,0,0,0,0,0,0,0,0,1,1
Mechanical Engineer,0,0,1,0,0,0,0,0,0,0,0,2,2
Mechanical Service Technician,0,0,0,0,0,0,0,0,0,0,0,1,1
Mechanical Technician,0,0,1,0,0,0,0,1,0,0,0,1,1
Med-RN ER,0,0,0,0,0,0,0,0,0,0,0,1,1
Media Sales Executive,0,0,0,0,0,0,0,1,0,0,0,1,1
Medical Assistant,0,0,3,0,0,0,0,1,0,0,0,3,3
Medical Case Manager,0,0,1,0,0,0,0,0,0,0,0,1,1
Medical Claims Processor,0,0,0,0,0,0,0,1,0,0,0,1,1
Medical Coder,0,0,0,0,0,0,0,0,0,0,0,1,1
Medical Consultant,0,0,1,0,0,0,0,0,0,0,0,1,1
Medical Device Sales Specialist Intern,0,0,1,0,0,0,0,0,0,0,0,1,1
Medical Doctor,0,0,0,0,0,0,0,0,0,0,0,1,1
Medical Equipment Outside Sales Representative ,0,0,0,0,0,0,0,0,0,0,0,1,1
Medical Laboratory Technician,0,0,1,0,0,0,0,0,0,0,0,1,1
Medical Office Technician - RMA/CMA/CCMA,0,0,0,0,0,0,0,1,0,0,0,1,1
Medicare Sales Representative,0,0,0,0,0,0,0,0,0,0,0,1,1
Member Services Manager,0,0,0,0,0,0,0,0,0,0,0,1,1
"Mental Health Professional - $3,000 Hiring Bonus",0,0,0,0,0,0,0,0,0,0,0,1,1
Mental Health Therapist,0,0,1,0,0,0,0,0,0,0,0,2,2
Mental Health Therapist/Counselor,0,0,1,0,0,0,0,0,0,0,0,1,1
Mentorship Case Manager,0,0,0,0,0,0,0,0,0,0,0,1,1
Merchandise Planner,0,0,1,0,0,0,0,1,0,0,0,1,1
Metallurgist,0,0,0,0,0,0,0,0,0,0,0,1,1
MicroStrategy Administrator,0,1,0,0,0,0,0,1,0,0,0,1,1
Mid-Level Attorney,0,0,1,0,0,0,0,0,0,0,0,1,1
Mid-Level Project Electrical Engineer / Lighting Designer,0,0,1,0,0,0,0,0,0,0,0,1,1
Mid-Market Account Executive,0,0,0,0,0,0,0,0,0,0,0,1,1
Millwright Journeyman,0,0,1,0,0,0,0,0,0,0,0,1,1
Mine Foreman,0,0,1,0,0,0,0,0,0,0,0,1,1
"Mission, Culture, & Strategy Programs Assistant - Long Term Sub",0,0,1,0,0,0,0,0,0,0,0,1,1
Mobile Application Developer,1,0,0,0,0,0,1,0,0,0,0,1,1
"Montessori Lead Guide, Primary",0,0,0,0,0,0,0,0,0,0,0,1,1
Montessori teacher for grades K-3,0,0,0,0,0,0,0,0,0,0,0,1,1
Mortgage Loan Officer,0,0,1,0,0,0,0,0,0,0,0,1,1
Mortgage Loan Officer - Texas/Remote,0,0,0,0,0,0,0,0,0,0,0,1,1
Motion Graphic Designer and Film Editor,0,0,0,0,0,0,0,0,0,0,0,1,1
Mover/Junk Hauler/Crew Member,0,0,0,0,0,0,0,0,0,0,0,1,1
Mtce Supv (Elev) II,0,0,0,1,0,0,0,0,0,0,0,1,1
MultiMedia Art Director,0,0,1,0,0,0,0,0,0,0,0,1,1
Multimedia/Interactive Video & Graphic Designer (Marketing),0,0,1,0,0,0,0,0,0,0,0,1,1
Music Therapist,0,0,0,0,0,0,0,0,0,0,0,1,1
Mutual Fund Financial Reporting Analyst,0,0,1,0,0,0,0,0,0,0,0,1,1
NAI / NAII - 2 South Medical- Surgical/Telemetry,0,0,1,0,0,0,0,0,0,0,0,1,1
NDT Technician,0,0,1,0,0,0,0,0,0,0,0,1,1
NPE 2024 Exhibition Event Worker,0,0,0,0,0,0,0,0,0,0,0,1,1
Nanofabrication Engineer - Open Rank-EOSL-Onsite,1,0,1,0,0,0,0,1,0,0,0,1,1
National Practice  Manager - Construction Materials Testing,0,0,1,0,0,0,0,1,0,0,0,1,1
National Sales Manager,0,0,1,0,0,0,0,0,0,0,0,2,2
National Team  Manager - Construction Materials Testing,0,0,5,0,0,0,0,5,0,0,0,5,5
National Team Manager - Special Inspection,0,0,5,0,0,0,0,5,0,0,0,5,5
Neighborhood Building Housing Leader,0,0,1,0,0,0,0,0,0,0,0,1,1
Network Engineer,0,0,1,0,0,0,0,0,0,0,0,2,2
Network Engineer Senior,1,0,1,0,0,0,0,1,1,0,0,1,1
New Business Development Representative,0,0,1,0,0,0,0,0,0,0,0,1,1
New Home Sales Associate - Hillsborough County,0,0,1,0,0,0,0,0,0,0,0,1,1
New Home Sales Director (Relocatable),0,0,2,0,0,0,0,0,0,0,0,2,2
News Reporter,0,0,1,0,0,0,0,0,0,0,0,1,1
Nurse - CNA - LTC,0,0,0,0,0,0,0,0,0,0,0,8,8
Nurse - LPN,0,0,1,0,0,0,0,0,0,0,0,1,1
Nurse - LPN - LTC,0,0,4,0,0,0,0,0,0,0,0,4,4
Nurse - LPN - Outpatient,0,0,1,0,0,0,0,0,0,0,0,1,1
Nurse - RN - CVICU,0,0,2,0,0,0,0,0,0,0,0,2,2
Nurse - RN - Critical Care,0,0,1,0,0,0,0,0,0,0,0,1,1
Nurse - RN - Emergency Department / ED,0,0,1,0,0,0,0,0,0,0,0,1,1
Nurse - RN - Emergency Medicine - Pediatric,0,0,1,0,0,0,0,0,0,0,0,1,1
Nurse - RN - ICU,0,0,2,0,0,0,0,0,0,0,0,2,2
Nurse - RN - LTC,0,0,4,0,0,0,0,0,0,0,0,4,4
Nurse - RN - Med Surg,0,0,9,0,0,0,0,0,0,0,0,9,9
Nurse - RN - Med Surg Tele,0,0,1,0,0,0,0,0,0,0,0,1,1
Nurse - RN - PCU,0,0,1,0,0,0,0,0,0,0,0,1,1
Nurse - RN - PCU - Pediatrics,0,0,1,0,0,0,0,0,0,0,0,1,1
Nurse Injector,0,0,0,0,0,0,0,0,0,0,0,1,1
Nurse Practitioner,0,0,1,0,0,0,0,0,0,0,0,1,1
O9 Supply Chain Management Consultant,1,1,0,0,0,0,1,0,0,0,0,1,1
OEM Account Manager (3+ yrs of Sales and OEM Exp Req),0,0,0,0,0,0,0,0,0,0,0,1,1
Office Accountant/Manager,0,0,0,0,0,0,0,0,0,0,0,1,1
Office Administrator,0,0,0,0,0,0,0,0,0,0,0,1,1
Office Assistant,0,0,1,0,0,0,0,0,0,0,0,1,1
Office Manager,0,0,3,0,0,0,0,0,0,0,0,3,3
Office Price Book Administrator,0,0,1,0,0,0,0,0,0,0,0,1,1
"Office Professional, R&D/TS&D",0,0,0,0,0,0,0,0,0,0,0,1,1
Officer- Regulatory Affairs & Intellectual Property,0,0,0,0,0,0,0,0,0,0,0,1,1
Onsite Data Analyst || USC ONLY || FL LOCALS,0,1,0,1,0,0,0,0,0,0,0,1,1
Opera Cloud PM,0,0,1,0,0,0,0,0,0,0,0,1,1
"Operational Buyer, Vehicle Aftermarket",0,0,1,1,0,0,0,0,0,0,0,1,1
Operational Meteorologist,0,0,0,0,0,0,0,0,0,0,0,1,1
Operations & Administrative Support Clerk,0,0,0,0,0,0,0,0,0,0,0,1,1
Operations Engineer I,0,0,0,0,0,0,0,0,0,0,0,1,1
Operations Excellence Leader,0,0,1,0,0,0,0,0,0,0,0,1,1
Operations Manager,0,0,1,0,0,0,0,1,0,0,0,2,2
Operations Research,0,0,0,0,0,0,0,0,0,0,0,1,1
Operations Specialist,0,0,1,0,0,0,0,1,0,0,0,1,1
Ophthalmic Technician,0,0,1,0,0,0,0,0,0,0,0,1,1
Optician,0,0,1,0,0,0,0,0,0,0,0,1,1
Oracle Apps Techno-Functional HCM,0,1,1,0,0,0,0,0,0,0,0,1,1
Oracle Cloud Infrastructure,0,0,0,0,0,0,0,0,0,0,0,1,1
Oracle Database Administrator,0,1,0,0,0,0,0,0,0,0,0,1,1
Oracle Finance  Fusion Lead,0,0,1,0,0,0,0,0,0,0,0,1,1
Oracle P2P Analyst,0,1,0,0,0,0,0,0,0,0,0,1,1
Order Management Specialist,0,0,1,0,0,0,0,1,0,0,0,1,1
Organization Change Management (OCM) Specialist,0,0,0,0,0,0,0,0,0,0,0,1,1
Osteogenic Loading Coach,0,0,1,0,0,0,0,0,0,0,0,1,1
Outreach Coordinator,0,0,0,0,0,0,0,0,0,0,0,1,1
Outside Sales Associate,0,0,0,0,0,0,0,0,0,0,0,1,1
Outside Salesperson,0,0,0,0,0,0,0,0,0,0,0,1,1
Owner,0,0,1,0,0,0,0,0,0,0,0,1,1
P&C Actuarial Consultant - PR12730,0,0,0,0,0,0,0,0,0,0,0,1,1
P&C Actuarial Director  - PR12713,1,1,0,0,0,0,0,0,0,0,0,1,1
P&C Actuary   PR12658A,0,1,1,0,0,0,0,0,0,0,0,1,1
P&C Assistant Actuary - PR12677A,1,1,0,0,0,0,0,0,0,0,0,1,1
P&C Assistant Actuary - PR12700,1,1,0,0,0,0,0,0,0,0,0,1,1
P&C Reinsurance Actuary  - PR12722,0,0,0,0,0,0,0,0,0,0,0,1,1
PR Editor and Proofreader,0,0,0,0,0,0,0,0,0,0,0,1,1
PRN Registered Nurse,0,0,0,0,0,0,0,0,0,0,0,1,1
Packaging Group Leader - Monday-Wednesday DAY Shift,0,0,0,0,0,0,0,0,0,0,0,1,1
Packaging Operator,0,0,1,0,0,0,0,0,0,0,0,1,1
Paper Converting Machine Operator,0,0,1,0,0,0,0,0,0,0,0,1,1
Park Team Lead,0,0,0,0,0,0,0,0,0,0,0,1,1
Part Time Driver (Manheim),0,0,1,0,0,0,0,0,0,0,0,1,1
Part Time Sales Supervisor,0,0,0,0,0,0,0,0,0,0,0,1,1
Part time Recruiter,0,0,1,0,0,0,0,1,0,0,0,1,1
Part-Time CFO/Controller,0,0,1,0,0,0,0,0,0,0,0,1,1
Part-Time Medical Assistant/LPN,0,0,1,0,0,0,0,0,0,0,0,1,1
Partner Success Manager- Bilingual Spanish Speaker,0,0,1,0,0,0,0,0,0,0,0,1,1
Partnership Staff Accountant,0,0,1,0,0,0,0,0,0,0,0,1,1
Patient Access Associate II,0,0,0,0,0,0,0,0,0,0,0,1,1
Patient Coordinator,0,0,1,0,0,0,0,0,0,0,0,1,1
Patient Physician Services - Call Center Representative,0,0,0,0,0,0,0,0,0,0,0,1,1
Patient Representative,0,0,2,0,0,0,0,0,0,0,0,2,2
Payroll & HRIS Administrator,0,0,1,1,0,0,0,0,0,0,0,1,1
Payroll Bookkeeper,0,0,1,0,0,0,0,0,0,0,0,1,1
Payroll Clerk,0,0,1,0,0,0,0,1,0,0,0,1,1
Payroll Specialist,0,0,1,0,0,0,0,0,0,0,0,1,1
Payroll Specialist ,0,0,1,0,0,0,0,0,0,0,0,1,1
"Payroll Specialist (On-Site Hooksett, NH)",0,0,1,0,0,0,0,1,0,0,0,1,1
Payroll and Benefits Specialist,0,0,1,0,0,0,0,0,0,0,0,1,1
Payroll/HR Associate (Pharma/Biotech/Med Devices/Healthcare) - Hybrid!!,0,0,1,0,0,0,0,0,0,0,0,1,1
Pediatric Dietitian I - Cardiac Transplant / Cardiology,0,0,0,0,0,0,0,0,0,0,0,1,1
Pediatric Occupational Therapist,0,0,1,0,0,0,0,0,0,0,0,1,1
Pediatric Occupational Therapy,0,0,1,0,0,0,0,0,0,0,0,1,1
People Analyst,0,0,1,1,0,0,0,1,0,0,0,1,1
People Experience Expert Level II,0,0,0,0,0,0,0,0,0,0,0,1,1
People Manager or Workplace Counselor,0,0,0,0,0,0,0,0,0,0,0,1,1
People Operations Manager,0,0,0,0,0,0,0,1,0,0,0,2,2
People Services Coordinator,0,0,1,0,0,0,0,0,0,0,0,1,1
People and Office Operations,0,0,1,0,0,0,0,0,0,0,0,1,1
PeopleSoft FSCM Functional Analyst - GL and KK modules,0,0,0,0,0,0,0,0,0,0,0,1,1
Performance Management Analyst,1,1,1,0,0,0,1,0,0,0,0,1,1
Personal Assistant to Controller,0,0,1,0,0,0,0,0,0,0,0,1,1
Personal Injury Attorney,0,0,1,0,0,0,0,0,0,0,0,1,1
Personal Lines Account Executive,0,0,1,0,0,0,0,0,0,0,0,1,1
Personal Lines Account Manager,0,0,1,0,0,0,0,0,0,0,0,1,1
Pharmacy Clerk,0,0,2,0,0,0,0,0,0,0,0,2,2
Pharmacy Technician,0,0,0,0,0,0,0,0,0,0,0,1,1
Phone Triage (RN or LPN),0,0,1,0,0,0,0,0,0,0,0,1,1
Photolithography Manufacturing Engineer,0,0,1,0,0,0,0,0,0,0,0,1,1
Photonics Layout Intern,1,0,0,0,0,0,0,0,0,0,0,1,1
Physical Therapist,0,0,0,0,0,0,0,0,0,0,0,3,3
Physical Therapist Assistant,0,0,1,0,0,0,0,0,0,0,0,1,1
Physical Therapist Tech,0,0,1,0,0,0,0,0,0,0,0,1,1
Physician Assistant,0,0,0,0,0,0,0,0,0,0,0,1,1
Pilot in Command Phenom 300,0,0,1,0,0,0,0,1,0,0,0,1,1
"Platform Program Manager, Enterprise & Wholesale",0,0,1,0,0,0,0,0,0,0,0,1,1
Police Officer,0,0,1,0,0,0,0,1,0,0,0,1,1
Police Records Specialist,0,0,0,0,0,0,0,0,0,0,0,1,1
Pool Design and Sales Representative,0,0,0,0,0,0,0,0,0,0,0,1,1
Pool Remodel Salesman,0,0,1,0,0,0,0,0,0,0,0,1,1
Pre-Finish Supervisor,0,0,1,0,0,0,0,0,0,0,0,1,1
Precast Design Engineer,0,0,0,0,0,0,0,0,0,0,0,1,1
Precision Cleaning Technician,0,0,1,0,0,0,0,1,0,0,0,1,1
Primary Care Leader Needed,0,0,1,0,0,0,0,0,0,0,0,1,1
Primary Care Nurse Practitioner / Physician Assistant,0,0,0,0,0,0,0,0,0,0,0,1,1
Primary Care Physician,0,0,0,0,0,0,0,0,0,0,0,1,1
Principal Backend Engineer,0,1,1,0,0,0,0,1,0,0,0,1,1
Principal Engineer- Water Department,0,0,0,0,0,0,0,0,0,0,0,1,1
Principal Platform Engineer,0,0,0,0,0,0,0,0,0,0,0,1,1
Principal Solution Engineer,1,0,1,0,0,0,0,0,0,0,0,1,1
Principal Systems Engineer,0,0,1,0,0,0,0,0,0,0,0,1,1
Print Traffic,0,0,1,0,0,0,0,0,0,0,0,1,1
Private Equity Analyst,0,0,1,0,0,0,0,0,0,0,0,1,1
Private Fitness Instructor,0,0,0,0,0,0,0,0,0,0,0,1,1
Process Engineer,0,0,0,0,0,0,0,0,0,0,0,1,1
"Process Engineer Intern - Carlsbad, CA",0,0,1,0,0,0,0,0,0,0,0,1,1
"Procurement Category Manager, IT",0,0,1,0,0,0,0,0,0,0,0,1,1
Procurement Consulting Manager,0,0,1,0,0,0,0,0,0,0,0,1,1
Procurement Quality Engineer,0,0,0,0,0,0,0,0,0,0,0,1,1
Procurement Specialist,0,0,2,0,0,0,0,2,0,0,0,3,3
Producer,0,0,0,0,0,0,0,0,0,0,0,1,1
Product Designer,0,0,0,0,0,0,0,0,0,0,0,1,1
Product Manager,0,0,1,0,0,0,0,0,0,0,0,2,2
Product Manager I,0,0,0,0,0,0,0,0,0,0,0,1,1
Product Marketing Specialist,0,0,1,0,0,0,0,1,0,0,0,1,1
Product Portfolio Manager,0,0,1,1,1,0,0,1,0,0,0,1,1
Product Specialist,0,0,1,0,0,0,0,1,0,0,0,1,1
Product Support Specialist,0,0,0,0,0,0,0,0,0,0,0,1,1
Product Validation Engineer (EVT/DVT)																								,0,0,1,0,0,0,0,0,0,0,0,1,1
Production Coordinator,0,0,1,0,0,0,0,0,0,0,0,1,1
Production Planner,0,0,3,0,0,0,0,0,0,0,0,3,3
Production Planner (Food Technologist),0,0,1,0,0,0,0,0,0,0,0,1,1
Production Supervisor,0,0,0,0,0,0,0,0,0,0,0,1,1
Production Supervisor - Swing Shift,0,0,1,0,0,0,0,0,0,0,0,1,1
Professional Land Surveyor (PLS),0,0,0,0,0,0,0,0,0,0,0,1,1
Professional Singer,0,0,0,0,0,0,0,0,0,0,0,1,1
Professional Window Cleaning Technician,0,0,1,0,0,0,0,0,0,0,0,1,1
Program Associate,0,0,1,0,0,0,0,0,0,0,0,1,1
Program Manager,0,0,1,0,0,0,0,0,0,0,0,2,2
"Program Manager, Digital & CRM Marketing",0,0,1,0,0,0,0,1,0,0,0,1,1
Program Specialist (Food Dietitian),0,0,0,0,0,0,0,1,0,0,0,1,1
Program Therapist,0,0,1,0,0,0,0,0,0,0,0,1,1
Program Training Lead,0,0,1,0,0,0,0,0,0,0,0,1,1
Program/Site Director I,0,0,1,0,0,0,0,0,0,0,0,1,1
Progressive Care Nurse,0,0,1,0,0,0,0,0,0,0,0,1,1
Project Architect,0,0,1,0,0,0,0,0,0,0,0,1,1
"Project Architect, Justice+Civic",0,0,0,0,0,0,0,0,0,0,1,1,1
"Project Architect, Mixed-Use",0,0,0,0,0,0,0,0,0,0,1,1,1
Project Assistant,0,0,1,0,0,0,0,0,0,0,0,1,1
Project Controller,0,0,0,0,0,0,0,0,0,0,0,1,1
Project Engineer,0,0,3,0,0,0,0,0,0,0,0,3,3
Project Estimator,0,0,2,0,0,0,0,0,0,0,0,2,2
Project Management Director,0,0,1,0,0,0,0,0,0,0,0,1,1
Project Manager,0,0,9,0,0,0,0,0,0,0,0,11,11
"Project Manager for global computer technology company in Redmond, WA.",0,0,0,0,0,0,0,0,1,0,0,1,1
"Project Manager, Construction",0,0,1,0,0,0,0,0,0,0,0,1,1
Promotions Manager,0,0,0,0,0,0,0,0,0,0,0,1,1
Property Manager,0,0,1,0,0,0,0,0,0,0,0,1,1
Psychotherapist in Private Practice,0,0,1,0,0,0,0,0,0,0,0,1,1
Public Relations Intern,0,0,0,0,0,0,0,0,0,0,0,1,1
"Public Relations Intern, Summer 2024",0,0,1,0,0,0,0,1,0,0,0,1,1
Purchasing Coordinator,0,0,0,0,0,0,0,0,0,0,0,1,1
"QC ANALYST (TOLLING BACK-OFFICE) | HARRISBURG, PA (HYBRID)",0,0,1,0,0,0,0,0,1,0,0,1,1
"Quality Analyst/QC Chemist (Exton, PA/Wilson, NC)",0,0,0,0,0,0,0,0,0,0,0,1,1
Quality Assurance Engineer (323816),0,1,0,0,0,0,0,0,0,0,0,1,1
Quality Assurance Manager,0,0,1,0,0,0,0,0,0,0,0,1,1
Quality Assurance Specialist,0,0,0,0,0,0,0,1,0,0,0,1,1
"Quality Assurance Specialist - DRUG (Pharma/Biotech/Medical Devices) - Frederick, MD/Wilson, NC",0,0,0,0,0,0,0,0,0,0,0,1,1
Quality Control Specialist,0,0,0,0,0,0,0,0,0,0,0,1,1
Quality Engineer,0,0,2,0,0,0,1,1,0,0,0,4,4
Quality Engineer ( Engineering & Automotive),0,0,1,0,0,0,0,0,0,0,0,1,1
Quality Engineer III (36485),0,0,1,0,0,0,0,0,0,0,0,1,1
Quality Engineer/ Test Lead,0,1,0,0,0,0,0,0,0,0,0,1,1
Quality Inspector,0,0,0,0,0,0,0,0,0,0,0,1,1
Quality Supervisor,0,0,0,0,0,0,0,0,0,0,0,1,1
Quality Technician,0,0,1,0,0,0,0,0,0,0,0,1,1
"Quality process analyst | Hybrid in West Berlin, NJ",0,0,0,0,0,0,0,0,0,0,0,1,1
Quantitative Researcher - Semi-Systematic Credit,1,0,0,0,0,0,0,0,0,0,0,1,1
R&D Research Intern,0,0,1,0,0,0,0,0,0,0,0,1,1
RE: Urgent hiring for Workday Prism Developer,0,0,0,0,0,0,0,0,0,0,0,1,1
RN - Pre-op and PACU 0.9 FTE Day,0,0,0,0,0,0,0,0,0,0,0,1,1
RS Aftermarket Expediter Assoc,0,0,1,1,0,0,0,0,0,0,0,1,1
Radio Frequency Engineer,1,0,1,0,0,0,0,0,0,0,0,1,1
Real Estate Acquisition Consultant (Remote),0,0,0,0,0,0,0,0,0,0,0,2,2
Real Estate Agent,0,0,1,0,0,0,0,0,0,0,0,1,1
Real Estate Broker Associate,0,0,1,0,0,0,0,0,0,0,0,1,1
Real Estate Office Assistant,0,0,1,0,0,0,0,0,0,0,0,1,1
Real Estate Rental Manager,0,0,1,0,0,0,0,0,0,0,0,1,1
Real Estate Sales Agent,0,0,1,0,0,0,0,0,0,0,0,1,1
Rebar Fabricator,0,0,1,0,0,0,0,0,0,0,0,1,1
Rebar Fabricator- 1st Shift,0,0,1,0,0,0,0,0,0,0,0,1,1
Receiving Technician ES,0,0,0,0,0,0,0,0,0,0,0,1,1
Receptionist,0,0,2,0,0,0,0,0,0,0,0,2,2
Receptionist/Data Entry,0,0,1,0,0,0,0,0,0,0,0,1,1
Records Specialist & Academic Scheduler,0,0,0,0,0,0,0,0,0,0,0,1,1
Recruiting Coordinator,0,0,1,0,0,0,0,0,0,0,0,1,1
Recruiting Coordinator (contract),0,0,1,0,0,0,0,0,0,0,0,1,1
Recruitment Coordinator,0,0,1,0,0,0,0,0,0,0,0,1,1
Recruitment Manager,0,0,1,0,0,0,0,0,0,0,0,1,1
Recruitment business development VP,0,0,0,0,0,0,0,0,0,0,0,1,1
Refugee Medical Assistant,0,0,0,0,0,0,0,0,0,0,0,1,1
Regional Sales Manager,0,0,0,0,0,0,0,0,0,0,0,1,1
Regional Sales Manager (B2B exp selling services req OTE 100-120k+),0,0,0,0,0,0,0,0,0,0,0,1,1
Regional Sales Manager - Northwest,0,0,1,0,0,0,0,0,0,0,0,1,1
Regional Technical Specialist,0,0,0,0,0,0,0,0,0,0,0,1,1
Regional Vice President - Michigan,0,0,1,0,0,0,0,0,0,0,0,1,1
Registered Behavior Technician ,0,0,1,0,0,0,0,0,0,0,0,1,1
Registered Client Service Associate,0,0,1,0,0,0,0,0,0,0,0,1,1
Registered Dental Hygienist,0,0,2,0,0,0,0,0,0,0,0,2,2
Registered Nurse,0,0,4,0,0,0,0,0,0,0,0,5,5
Registered Nurse (Bronx | 24 Hours/Week | Part-Time),0,0,0,0,0,0,0,0,0,0,0,1,1
Registered Nurse (Bronx | 28 Hours/Week | Part-Time),0,0,0,0,0,0,0,0,0,0,0,1,1
Registered Nurse RN - Medical ICU MICU - PT Nights,0,0,0,0,0,0,0,0,0,0,0,1,1
Regulatory Affairs & Quality Assurance Lead,0,0,0,0,0,0,0,0,0,0,0,1,1
Regulatory Submissions Manager_ Remote,0,0,0,0,0,0,0,0,0,0,0,1,1
Regulatory and Government Affairs Manager,0,0,1,0,0,0,0,0,0,0,0,1,1
Rehab Therapy Manager,0,0,0,0,0,0,0,0,0,0,0,1,1
Reinsurance Pricing Actuary  - PR12708,0,0,0,0,0,0,0,0,0,0,0,1,1
Reliability Program Lead,0,0,0,0,0,0,0,0,0,0,0,1,1
Reliability/Injection Molding Maintenance Technician,0,0,1,0,0,0,0,0,0,0,0,1,1
Remodeling/Insurance Estimator,0,0,1,0,0,0,0,0,0,0,0,1,1
Remote - IoT Developer,1,0,0,0,0,0,1,1,1,0,0,1,1
Remote Business Development Associate,0,0,1,0,0,0,0,0,0,0,0,1,1
Remote Customs Compliance Specialist ,0,0,1,0,0,0,0,0,0,0,0,1,1
Remote Health Actuarial Analyst - PR12718,0,0,1,0,0,0,0,0,0,0,0,1,1
Remote P&C Reinsurance Pricing Actuary - PR12728A,0,0,0,0,0,0,0,0,0,0,0,1,1
Remote opportunity for Life Actuary - PR12613A,0,0,0,0,0,0,0,0,0,0,0,1,1
Renewable Energy Administrative Data Coordinator,0,0,0,0,0,0,0,0,0,0,0,1,1
Renewal Manager,0,0,1,0,0,0,0,0,0,0,0,1,1
Rental Linen & Uniform Sales,0,0,0,0,0,0,0,0,0,0,0,1,1
Reps manager,0,0,0,0,0,0,0,0,0,0,0,1,1
Request for Consultancy: Interim Managing Director,0,0,0,0,0,0,0,0,0,0,0,1,1
Research Associate,0,0,1,0,0,0,0,0,0,0,0,1,1
Research Associate (Molecular Biology & Protein Expression),0,0,0,0,0,0,0,1,0,0,0,1,1
Research Associate (Scientific Communications),0,0,0,0,0,0,0,0,0,0,0,1,1
Research Technician,0,0,0,0,0,0,0,0,0,0,0,1,1
Researcher,0,0,1,0,0,0,0,0,0,0,0,1,1
Resident Engineer,0,0,1,0,0,0,0,0,0,0,0,1,1
Residential Truck Driver - CDL (B) - ASL,0,0,0,0,0,0,0,0,0,0,0,1,1
Resolution Analyst,0,0,1,0,0,0,0,0,0,0,0,1,1
Resource Development Associate Director,0,0,1,0,0,0,0,0,0,0,0,1,1
Respiratory Care Practitioner,0,0,0,0,0,0,0,0,0,0,0,1,1
Respiratory Therapist,0,0,2,0,0,0,0,0,0,0,0,2,2
Restaurant Manager,0,0,2,0,0,0,0,0,0,0,0,2,2
Restaurant Shift Supervisor,0,0,1,0,0,0,0,0,0,0,0,1,1
Retail Cashier,0,0,0,0,0,0,0,0,0,0,0,2,2
Retail Concept Designer,0,0,0,0,0,0,0,0,0,0,0,1,1
Retail Customer Service Specialist,0,0,1,0,0,0,0,0,0,0,0,1,1
Retail Inventory Specialist,0,0,0,0,0,0,0,0,0,0,0,1,1
Retail Merchandising & Inventory Supervisor,0,0,0,0,0,0,0,0,0,0,0,2,2
Retail Operations Supervisor,0,0,2,0,0,0,0,0,0,0,0,2,2
Retail Print Production Lead,0,0,0,0,0,0,0,0,0,0,0,1,1
Retail Print Solutions Associate,0,0,0,0,0,0,0,0,0,0,0,1,1
Retail Property Manager,0,0,0,0,0,0,0,1,0,0,0,1,1
Retail Sales Associate,0,0,0,0,0,0,0,0,0,0,0,3,3
Retail Sales Associate - Self Serve,0,0,0,0,0,0,0,0,0,0,0,1,1
Retail Sales Print & Marketing Associate,0,0,0,0,0,0,0,0,0,0,0,5,5
Retail Sales Print & Marketing Supervisor,0,0,2,0,0,0,0,0,0,0,0,2,2
Retail Sales Technology Associate,0,0,0,0,0,0,0,0,0,0,0,2,2
Retail Sales Technology Supervisor,0,0,0,0,0,0,0,0,0,0,0,4,4
Retail Salesperson,0,0,0,0,0,0,0,0,0,0,0,1,1
"Retail, Sales Associate",0,0,0,0,0,0,0,0,0,0,0,2,2
"Retail, Sales Associate T",0,0,0,0,0,0,0,0,0,0,0,2,2
"Retail, Team Lead Sales",0,0,0,0,0,0,0,0,0,0,0,1,1
Retirement Benefits Coordinator,0,0,1,0,0,0,0,0,0,0,0,1,1
Revenue Cycle Specialist,0,0,0,0,0,0,0,0,0,0,0,1,1
Revenue Cycle and Reimbursement Director,0,0,0,0,0,0,0,1,0,0,0,1,1
Risk Consultant,0,0,1,0,0,0,0,0,0,0,0,1,1
Robot Monitor & Maintenance Technician,0,0,0,0,0,0,0,0,0,0,0,1,1
Rotary Assembler - 1st Shift,0,0,1,0,0,0,0,1,0,0,0,1,1
Ruby on Rails Developer,0,1,1,0,0,0,0,1,0,0,0,1,1
SAFe Program Consultant (SPC),0,0,0,0,0,0,0,0,0,0,0,1,1
SALES,0,0,0,0,0,0,0,0,0,0,0,1,1
SAP APO /IBP,0,0,0,0,0,0,0,0,0,0,0,1,1
SAP BO Admin,0,0,0,0,0,0,0,0,0,0,0,1,1
SAP BO Admin - Windows Platform,0,0,0,0,0,0,0,0,0,0,0,1,1
SAP BTP,0,1,0,0,0,0,0,0,0,0,0,1,1
SAP EWM Consultant,0,0,0,0,0,0,0,0,0,0,0,1,1
SAP FICO – AMS Consultant,0,0,0,0,0,0,0,0,0,0,0,1,1
SAP HCM PAYROLL CONSULTANT,0,0,0,0,0,0,0,0,0,0,0,1,1
SAP ISU Techno- Functional Consultant,0,0,0,0,0,0,0,0,0,0,0,1,1
SAP Partner - Account Management,0,0,1,0,0,0,0,0,0,0,0,1,1
SAP Payroll Consultant,0,0,0,0,0,0,0,0,0,0,0,1,1
SAP S/4 Cloud Delivery Lead (Automotive Car Motor/Vehicle Manufacturing experience) ,0,0,1,0,0,0,0,0,0,0,0,1,1
SBDC Business Consultant,0,0,0,0,0,0,0,0,0,0,0,1,1
SIOP Demand Planner,0,0,1,0,0,0,0,0,0,0,0,1,1
SKILL DEVELOPMENT COORDINATOR,0,0,1,0,0,0,0,0,0,0,0,1,1
SOC Security Analyst/Engineer,1,0,0,0,0,0,0,1,0,0,0,1,1
"SPS-02 Shipping (Non-Fork Lift) - Glendale, AZ",0,0,0,0,0,0,0,0,0,0,0,1,1
SQL Database Administrator,0,1,0,0,0,0,0,0,0,0,0,1,1
SRE/DevOps Support Engineer (W2 Only),1,1,0,0,0,0,1,1,0,0,1,1,1
SRE/DevOps Support Engineer (W2),1,1,0,0,0,0,1,0,0,0,0,1,1
Sales & Design Consultant,0,0,0,0,0,0,0,0,0,0,0,1,1
Sales Account Executive,0,0,1,0,0,0,0,0,0,0,0,2,2
Sales Account Manager,0,0,1,0,0,0,0,0,0,0,0,1,1
Sales Administrative Assistant,0,0,1,0,0,0,0,0,0,0,0,1,1
Sales And Marketing Specialist,0,0,1,0,0,0,0,0,0,0,0,1,1
Sales Assistant (Full-Time),0,0,2,0,0,0,0,0,0,0,0,2,2
Sales Associate,0,0,3,0,0,0,0,0,0,0,0,3,3
Sales Associate Natural Food Products,0,0,1,0,0,0,0,0,0,0,0,1,1
Sales Business Development Executive,0,0,0,0,0,0,0,0,0,0,0,1,1
Sales Consultant (Outside Sales),0,0,1,0,0,0,0,0,0,0,0,1,1
Sales Development Representative,0,0,0,0,0,0,0,0,0,0,0,5,5
Sales Development Representative (SDR),0,0,0,0,0,0,0,0,0,0,0,1,1
Sales Director,0,0,1,0,0,0,0,0,0,0,0,1,1
Sales Director - Part-Time - Remote,0,0,0,0,0,0,0,0,0,0,0,1,1
Sales Engineer,0,0,1,0,0,0,0,0,0,0,0,1,1
Sales Executive,0,0,1,0,0,0,0,0,0,0,0,1,1
"Sales Executive (Learning, Events, Leadership Development)",0,0,0,0,0,0,0,0,0,0,0,1,1
Sales Manager,0,0,1,0,0,0,0,0,0,0,0,1,1
Sales Manager of Cutting Tools,0,0,0,0,0,0,0,0,0,0,0,1,1
Sales Positions,0,0,1,0,0,0,0,0,0,0,0,1,1
Sales Representative,0,0,2,0,0,0,0,0,0,0,0,2,2
"Sales Representative I, Pain Interventions - San Antonio, TX",0,0,0,0,0,0,0,0,0,0,0,1,1
Sales Specialist,0,0,1,0,0,0,0,0,0,0,0,1,1
Sales Supervisor - Lido Marina Village,0,0,1,0,0,0,0,0,0,0,0,1,1
Sales and Application Engineer,0,0,1,0,0,0,0,0,0,0,0,1,1
Sales and Customer Experience Specialist,0,0,1,0,0,0,0,0,0,0,0,1,1
Sales and Design consultant,0,0,1,0,0,0,0,0,0,0,0,1,1
Sales and Leadership Representative | Entry Level,0,0,0,0,0,0,0,0,0,0,0,1,1
Sales and Leasing Consultant,0,0,1,0,0,0,0,0,0,0,0,1,1
Sales and Marketing Assistant (Graduate),0,0,1,0,0,0,0,0,0,0,0,1,1
Salesforce Lead/Manager,0,0,0,0,0,0,0,0,0,0,0,1,1
Salesforce Vlocity Developer,0,0,0,0,0,0,1,0,0,0,0,1,1
Salesperson,0,0,2,0,0,0,0,0,0,0,0,5,5
Sanitation Associate I,0,0,0,0,0,0,0,0,0,0,0,1,1
Sanitation Supervisor,0,0,1,0,0,0,0,0,0,0,0,1,1
Saxophone Repair Technician,0,0,0,0,0,0,0,0,0,0,0,1,1
School Counselor,0,0,0,0,0,0,0,0,0,0,0,1,1
Science Teacher,0,0,0,0,0,0,0,0,0,0,0,1,1
"Scientific Project Manager for Food, Beverage, and Consumer Packaged Goods Industries (Project Architect | PA)",0,0,1,0,0,0,0,0,0,0,0,1,1
Seal Product Design Engineer,0,0,1,0,0,0,0,0,0,0,0,1,1
Search Engine Optimization Manager,0,0,1,0,0,0,0,0,0,0,0,1,1
Search Engine Optimization Specialist,0,0,1,0,0,0,0,0,0,0,0,1,1
Seasonal Office Administrator,0,0,1,0,0,0,0,0,0,0,0,1,1
Secretary (Unit Secretary),0,0,0,0,0,0,0,0,0,0,0,1,1
Security Engineer,0,0,0,0,0,0,0,0,0,0,0,1,1
Security Professional,0,0,1,0,0,0,0,1,0,0,0,1,1
Seeking Hosts For Nonviolence Now Podcast,0,0,0,0,0,0,0,0,0,0,0,1,1
Senior Account Executive,0,0,0,0,0,0,0,0,0,0,0,1,1
Senior Account Manager,0,0,1,0,0,0,0,0,0,0,0,1,1
Senior Accountant,0,0,3,0,0,0,0,0,0,0,0,3,3
Senior Accountant - Non Profit,0,0,1,0,0,0,0,0,0,0,0,1,1
Senior Accounting Manager,0,0,0,0,0,0,0,0,0,0,0,1,1
"Senior Analyst, Data & Analytics",1,1,0,1,1,0,0,0,0,0,0,1,1
Senior Architect,0,0,0,0,0,0,0,0,0,0,0,1,1
Senior Associate Research Scientist II,0,0,0,0,0,0,0,0,0,0,0,1,1
Senior Automation Engineer,0,1,1,0,0,0,0,0,0,0,0,1,1
Senior Benefits Specialist,0,0,1,0,0,0,0,1,0,0,0,1,1
Senior Brand Manager - Campaigns,0,0,1,0,0,0,0,1,0,0,0,1,1
Senior Business Analyst,0,1,1,0,0,0,0,0,0,0,0,1,1
Senior Business Analyst (Pharma/Biotech/Scientific),0,0,0,0,0,0,0,0,0,0,0,1,1
Senior Business Application Developer,0,1,1,0,0,0,0,0,0,0,0,1,1
Senior Business Systems Analyst,0,0,0,0,0,0,0,0,0,0,0,1,1
Senior Cloud Application Support Engineer (NYC),0,1,0,1,0,0,0,0,1,0,0,1,1
Senior Cloud Engineer,0,0,1,0,0,0,0,1,1,0,0,1,1
Senior Coach - Volvo Performance System (VPS),0,0,1,0,0,0,0,0,0,0,0,1,1
Senior Commercial HVAC Estimator,0,0,1,0,0,0,0,0,0,0,0,1,1
Senior Communications and Development Manager,0,0,1,0,0,0,0,0,0,0,0,1,1
Senior Construction Manager,0,0,1,0,0,0,0,0,0,0,0,1,1
Senior Copywriter (Beauty) - 79231,0,0,1,0,0,0,0,0,0,0,0,1,1
Senior Cost Accountant,0,0,0,0,0,0,0,0,0,0,0,1,1
"Senior Data Analyst - AI Training (Remote, Contract)",0,1,1,0,0,0,0,1,0,0,0,1,1
Senior Data Engineer/Analyst - Full Time,0,0,0,0,0,0,0,0,0,0,0,1,1
Senior Design Engineer/Project Manager,0,0,1,0,0,0,0,0,0,0,0,1,1
Senior Developer,0,1,1,0,0,0,1,0,0,0,0,1,1
Senior Developer – React Native,0,0,1,0,0,0,1,0,0,0,0,1,1
Senior Director for Collaborative Fundraising Strategy,0,0,1,0,0,0,0,0,0,0,0,1,1
"Senior Director, Clinical Pharmacology & Quantitative Pharmacology (CPQP)- ADC",0,0,0,0,0,0,0,0,0,0,0,1,1
"Senior Director, Epidemiology (REMOTE 100%)",0,0,0,0,0,0,0,0,0,0,0,1,1
Senior Dotnet Developer,0,1,1,0,0,0,0,0,1,0,0,1,1
Senior ELK Admin,0,1,1,0,0,0,0,1,1,0,0,1,1
Senior Elder Law / Trusts and Estates Associate Attorney,0,0,1,0,0,0,0,0,0,0,0,1,1
Senior Electronics Design Engineer,0,0,0,0,0,0,0,0,0,0,0,1,1
Senior Front-End Engineer ,0,0,1,0,0,0,1,0,0,0,0,1,1
"Senior Government Operations Analyst, Tariffs",0,0,1,0,0,0,0,1,0,0,0,1,1
Senior Graphic Designer - Presentations,0,0,0,0,0,0,0,0,0,0,0,1,1
Senior HR Generalist,0,0,0,0,0,0,0,0,0,0,0,1,1
Senior Information Technology Auditor,0,0,1,0,0,0,0,0,0,0,0,1,1
Senior Internal Wholesaler,0,0,0,0,0,0,0,0,0,0,0,1,1
Senior Intraoperative Monitoring Tech ,0,0,0,0,0,0,0,0,0,0,0,1,1
Senior Investigator/Tester/Teacher,0,0,1,0,0,0,0,0,0,0,0,1,1
Senior Labor & Employment Attorney ,0,0,0,0,0,0,0,0,0,0,0,1,1
Senior Landman,0,0,0,0,0,0,0,0,0,0,0,1,1
Senior Lawyer,0,0,0,0,0,0,0,1,0,0,0,1,1
Senior Linux/RedHat Engineer,0,0,0,0,0,0,0,0,0,0,0,1,1
Senior Machine Learning Research Engineer,1,0,0,0,0,1,0,0,0,0,0,1,1
"Senior Manager, Talent Programs",0,0,1,0,0,0,0,0,0,0,0,1,1
Senior Materials Manager,0,0,1,0,0,0,0,0,0,0,0,1,1
Senior Mechanical Engineer,0,0,0,0,0,0,0,0,0,0,0,1,1
Senior Mortgage Loan Officer,0,0,1,0,0,0,0,0,0,0,0,1,1
Senior Network Operations Engineer,0,0,1,0,0,0,0,1,0,0,0,1,1
Senior Product Manager,0,0,0,0,0,0,0,0,0,0,0,2,2
Senior Product Marketing Manager,0,0,2,0,0,0,0,0,0,0,0,2,2
Senior Project Engineer,0,0,0,0,0,0,0,0,0,0,0,1,1
Senior Project Manager,0,0,1,0,0,0,0,0,0,0,0,1,1
Senior Project Manager - GC,0,0,0,0,0,0,0,0,0,0,0,1,1
Senior Project Manager - Operations Services,0,0,1,0,0,0,0,1,0,0,0,1,1
Senior ReactJS Developer,0,0,1,0,0,0,1,0,0,0,0,1,1
Senior Retail Sales Associate,0,0,0,0,0,0,0,0,0,0,0,1,1
Senior Risk Analytics Associate,1,1,0,0,0,0,0,0,0,0,0,1,1
Senior Robotics Engineer (Commercial Grade),0,0,1,0,0,0,0,0,0,0,0,1,1
Senior SAP SD OTC Lead,0,0,1,0,0,0,0,0,0,0,0,1,1
Senior Sales Associate - Keyholder,0,0,1,0,0,0,0,1,0,0,0,1,1
Senior Sales Manager - Renaissance Harlem ,0,0,0,0,0,0,0,0,0,0,0,1,1
Senior Salesforce Developer,0,0,0,0,0,0,0,0,0,0,0,2,2
Senior Scientific Project Manager - Genomics,0,0,1,0,0,0,0,1,0,0,0,1,1
Senior Scientist I (Assay Development),0,0,0,0,0,0,0,1,0,0,0,1,1
Senior Sharepoint Developer,0,0,1,0,0,0,0,0,0,0,0,1,1
Senior Signal Integrity Engineer,0,0,0,0,0,0,0,0,0,0,0,1,1
Senior Software Engineer,0,2,2,0,0,0,3,0,1,0,0,3,3
Senior Solutions Architect (NYC),0,1,1,0,0,0,1,0,1,0,0,1,1
Senior Staff Accountant (26391),0,0,1,0,0,0,0,0,0,0,0,1,1
Senior Staffing Specialist,0,0,1,0,0,0,0,1,0,0,0,1,1
Senior Technical Sourcing Specialist,0,0,1,0,0,0,0,0,0,0,0,1,1
Senior Transportation Planner,0,0,0,0,0,0,0,0,0,0,0,1,1
Senior Vice President of Assets Management ,0,0,1,0,0,0,0,1,0,0,0,1,1
Senior Windows System Administrator,0,0,1,0,0,0,0,0,0,0,0,1,1
Server,0,0,1,0,0,0,0,0,0,0,0,1,1
Service / Construction Technician,0,0,1,0,0,0,0,0,0,0,0,1,1
Service Coordinator,0,0,1,0,0,0,0,0,0,0,0,1,1
Service Manager,0,0,1,0,0,0,0,0,0,0,0,2,2
Service Specialist,0,0,1,0,0,0,0,0,0,0,0,1,1
Service Supervisor,0,0,1,0,0,0,0,0,0,0,0,1,1
Service Technician,0,0,2,0,0,0,0,1,0,0,0,5,5
Service Technician (Denver Metro Area),0,0,0,0,0,0,0,0,0,0,0,1,1
Service Technician - Centrifugal,0,0,1,0,0,0,0,1,0,0,0,1,1
ServiceNow Developer,0,1,0,0,0,0,1,0,0,0,0,1,1
Sheet Metal Fabricator,0,0,0,0,0,0,0,0,0,0,0,1,1
Shelter Team Member with emphasis in Customer Care,0,0,1,0,0,0,0,0,0,0,0,1,1
Shop Supervisor,0,0,1,0,0,0,0,0,0,0,0,1,1
Shop Technician,0,0,0,0,0,0,0,0,0,0,0,1,1
"Shred Utility - A Shift, 11pm-7am Sunday-Thursday ; Overtime as needed ; Make up to $23.56 an hour",0,0,0,0,0,0,0,0,0,0,0,1,1
Site Logistics Coordinator,0,0,0,0,0,0,0,0,0,0,0,1,1
Site Warehouse Manager,0,0,1,0,0,0,0,0,0,0,0,1,1
Skilled Painter for Fabrication Shop,0,0,0,0,0,0,0,0,0,0,0,1,1
Smartsheet Specialist,0,0,1,0,0,0,0,0,0,0,0,1,1
Social Media Account Coordinator,0,0,1,0,0,0,0,0,0,0,0,1,1
Social Media Coordinator,0,0,1,0,0,0,0,0,0,0,0,2,2
Social Media Coordinator(Monitor and Engage)-Part Time,0,0,0,0,0,0,0,0,0,0,0,1,1
Social Media Manager,0,0,1,0,0,0,0,0,0,0,0,1,1
Social Media Manager - Entertainment Company ,0,0,0,0,0,0,0,0,0,0,0,1,1
Social Media Manager and Graphic Designer,0,0,1,0,0,0,0,0,0,0,0,1,1
Social Media Manager/Specialist,0,0,1,0,0,0,0,0,0,0,0,1,1
Social Media Marketing Intern,0,0,0,0,0,0,0,0,0,0,0,1,1
Social Media Marketing Specialist Internship,0,0,1,0,0,0,0,0,0,0,0,1,1
Social Security Specialist / Retirement Benefit Advisor (Remote),0,0,1,0,0,0,0,0,0,0,0,1,1
Social Services Coordinator,0,0,0,0,0,0,0,0,0,0,0,1,1
Social and Content Strategy Manager,0,0,0,0,0,0,0,0,0,0,0,1,1
Sociology Research & Writing Intern,0,0,0,0,0,0,0,0,0,0,0,1,1
Software Design Engineer,0,0,1,0,0,0,0,0,0,0,0,1,1
Software Development Engineer in Test,0,0,0,0,0,0,0,0,0,0,0,1,1
Software Engineer,0,2,1,0,0,0,2,1,1,0,0,4,4
"Software Engineer for global computer software company in Redmond, WA.",0,0,1,0,0,0,0,1,1,0,0,1,1
Software Engineer in Test Automation,1,1,0,0,1,0,1,0,0,0,0,1,1
Software Engineer with Vue JS.,0,0,0,0,0,0,0,0,0,0,0,1,1
Software Implementation Program Manager,0,0,1,0,0,0,0,0,0,0,0,1,1
Software Support Specialist,0,0,1,0,0,0,1,0,0,0,0,1,1
Sorter | 2nd Shift,0,0,0,0,0,0,0,0,0,0,0,1,1
Spanish Speaking Bilingual Entry Level Insurance Sales (2966),0,0,1,0,0,0,0,0,0,0,0,1,1
Special Event Manager,0,0,1,0,0,0,0,0,0,0,0,1,1
Speech Language Pathologist,0,0,2,0,0,0,0,0,0,0,0,2,2
Sports Minded Sales Representative,0,0,1,0,0,0,0,0,0,0,0,1,1
Sr Data Engineer with Kafka,1,1,0,0,0,0,0,1,0,0,0,1,1
Sr Python Developer,1,0,1,0,0,0,0,1,1,0,0,1,1
"Sr QA Analyst, Claims",0,0,1,0,0,0,1,0,0,0,0,1,1
Sr Software Engineer,0,0,1,0,0,0,0,0,0,0,0,1,1
Sr. .NET Developer (BOCA RATON),0,1,0,0,0,0,1,1,0,0,0,1,1
"Sr. Automation Engineer, Delta V",0,0,1,0,0,0,0,0,0,0,0,1,1
Sr. Business Analyst/Tester,0,1,1,0,0,0,1,0,0,0,0,1,1
Sr. Designer Healthcar & AP,0,0,0,0,0,0,0,0,0,0,0,1,1
"Sr. Director, Media Communications Planning",0,0,1,0,0,0,0,0,0,0,0,1,1
"Sr. Director, eCommerce Planning",0,0,1,0,0,0,0,0,0,0,0,1,1
Sr. Electrical Engineer,0,0,1,0,0,0,0,0,0,0,0,1,1
Sr. Entertainment Account Manager,0,0,1,0,0,0,0,0,0,0,0,1,1
Sr. Executive Communications Storyteller,0,0,1,0,0,0,0,0,0,0,0,1,1
Sr. Infrastructure Project Manager,0,0,0,0,0,0,0,0,0,0,0,1,1
Sr. Loss Control Specialist II,0,0,1,0,0,0,0,0,0,0,0,1,1
Sr. Product Manger,0,0,1,0,0,0,0,1,0,0,0,1,1
Sr. Product Marketing Manager,0,0,0,0,0,0,0,0,0,0,0,1,1
Sr. Project Analyst - Value Management (Hospital & Healthcare),0,0,1,0,0,0,0,0,0,0,0,1,1
Sr. Project Engineer,0,0,0,0,0,0,0,0,0,0,0,1,1
Staff / Senior Accountant (,0,0,1,0,0,0,0,0,0,0,0,1,1
Staff Accountant,0,0,8,0,0,0,0,5,0,0,0,11,11
Staff Attorney - Housing,0,0,1,0,0,0,0,0,0,0,0,1,1
"Staff Attorney, Eviction Defense – Douglas County Office",0,0,0,0,0,0,0,0,0,0,0,1,1
"Staff Engineer (Geotechnical, Geological or Mining)",0,0,1,0,0,0,0,0,0,0,0,1,1
"Staff Nurse, (RN), Advanced",0,0,0,0,0,0,0,0,0,0,0,1,1
Staff Software Engineer (AHT),0,0,0,0,0,0,0,0,0,0,0,1,1
Staff Technical Program Manager,0,0,1,0,0,0,0,0,0,0,0,1,1
Staff Test Engineer,1,0,1,0,0,0,0,0,0,0,0,1,1
Stewardship Program Coordinator,0,0,1,0,0,0,0,1,0,0,0,1,1
Store Delivery Driver,0,0,0,0,0,0,0,0,0,0,0,2,2
Store Delivery Driver (Part time),0,0,0,0,0,0,0,0,0,0,0,1,1
Store Experience Guide – Part Time – Carlsbad,0,0,1,0,0,0,0,1,0,0,0,1,1
Store Loss Prevention Investigator,0,0,0,0,0,0,0,2,0,0,0,2,2
Store Manager,0,0,0,0,0,0,0,0,0,0,0,4,4
Strategic & Sustainability Planner (9165),0,0,0,0,0,0,0,0,0,0,0,1,1
Strategic Integrator,0,0,0,0,0,0,0,1,0,0,0,1,1
Strategy Manager,0,0,0,0,0,0,0,0,0,0,0,1,1
Structural Design Engineer,0,0,1,0,0,0,0,0,0,0,0,1,1
Structural Engineer,0,0,0,0,0,0,0,0,0,0,0,1,1
"Subrogation Services, Associate (Remote, USA)",0,0,1,0,0,0,0,0,0,0,0,1,1
Summer Intern for Women International Company,0,0,0,0,0,0,0,0,0,0,0,1,1
Summer Law Clerk,0,0,0,0,0,0,0,0,0,0,0,1,1
Superintendent,0,0,1,0,0,0,0,0,0,0,0,2,2
Superintendent (High-End Tenant Interiors),0,0,1,0,0,0,0,0,0,0,0,1,1
Support Manager - East Coast,0,0,1,0,0,0,0,0,0,0,0,1,1
Survey CAD Technician,0,0,0,0,0,0,0,0,0,0,0,1,1
Sustaining Engineer,0,0,0,0,0,0,0,0,0,0,0,1,1
Swahili Instructor,0,0,1,0,0,0,0,0,0,0,0,1,1
Swim Instructor,0,0,0,0,0,0,0,0,0,0,0,1,1
Swiss Setup Operator,0,0,1,0,0,0,0,0,0,0,0,1,1
System Administrator with HCP & AWS,1,1,0,0,0,0,1,1,0,0,0,1,1
"System Administrator, Level 2 Support",0,0,0,0,0,0,0,0,0,0,0,1,1
System Support Manager-Engineering & Construction Applications,1,1,1,0,0,0,1,0,0,0,0,1,1
THEATRE Instructor for Speech Communication & Theatre Department,0,0,0,0,0,0,0,1,0,0,0,1,1
TIBCO BWCE Lead,0,1,0,0,0,0,1,1,0,0,0,1,1
TREC licensed Professional Home Inspector,0,0,0,0,0,0,0,0,0,0,0,1,1
Tableau Developer,0,0,0,0,1,0,0,0,0,0,0,1,1
Tailor/Patternmaker,0,0,0,0,0,0,0,0,0,0,0,1,1
Talent Acquisition,0,0,1,0,0,0,0,0,0,0,0,1,1
Tandem Developer,0,1,0,0,0,0,1,0,0,0,0,1,1
Tax Associate,0,0,0,0,0,0,0,0,0,0,0,1,1
Tax Investigation Specialist,0,0,0,0,0,0,0,0,0,0,0,1,1
Tax Preparer,0,0,1,0,0,0,0,1,0,0,0,1,1
Tax Supervisor,0,0,0,0,0,0,0,0,0,0,0,1,1
Team Lead,0,0,1,0,0,0,0,0,0,0,0,1,1
Tech Sales Associate,0,0,0,0,0,0,0,0,0,0,0,1,1
Technical Analyst,1,1,1,0,0,0,1,1,0,0,0,1,1
Technical Business Analyst,0,1,0,0,0,0,0,0,0,0,0,1,1
"Technical Business Analyst Local to Des Moines, Iowa",0,0,0,0,0,0,0,0,0,0,0,1,1
Technical Designer,0,0,0,0,0,0,0,0,0,0,0,1,1
"Technical Designer, Womans Denim Bottoms ",0,0,1,0,0,0,0,0,0,0,0,1,1
"Technical Implementation Specialist, Digital Engagement",0,0,0,0,0,0,0,0,0,0,0,1,1
Technical Planner,0,0,0,0,0,0,0,0,0,0,0,1,1
Technical Product Manager - Cloud,0,0,0,0,0,0,1,1,0,0,0,1,1
Technical Product and IT Manager for Data Center Dedicated Server Leasing,0,0,0,0,0,0,0,0,0,0,0,1,1
Technical Project Manager,0,0,1,0,0,0,0,0,0,0,0,1,1
Technical Project Manager/Scrum Master,0,0,1,0,0,0,0,0,0,0,0,1,1
Technical Scrum Master,0,0,1,0,0,0,0,1,0,0,0,1,1
Technical Support Engineer (VoIP / NTR / IPC),0,1,0,0,0,0,0,0,0,0,0,1,1
"Technical Trainer (Carmel, IN or Dakota Dunes, SD)",0,0,0,0,0,0,0,0,0,0,0,1,1
Technical Writer,0,0,0,0,0,0,0,0,0,0,0,1,1
Technical Writer III,0,0,1,0,0,0,0,0,0,0,0,1,1
Technician,0,0,1,0,0,0,0,1,0,0,0,2,2
"Technician I, Lab",0,0,0,0,0,0,0,0,0,0,0,1,1
Technology Trust & Compliance Professional,0,0,0,0,0,0,0,0,0,0,0,1,1
Territory Manager,0,0,1,0,0,0,0,1,0,0,0,1,1
Territory Sales Executive - Environmental Solutions,0,0,1,0,0,0,0,0,0,0,0,1,1
Territory Sales Manager,0,0,0,0,0,0,0,0,0,0,0,2,2
Test Engineer,0,0,0,0,0,0,0,0,0,0,0,1,1
Therapist,0,0,0,0,0,0,0,0,0,0,0,1,1
Tibco Administrator with Azure DevOps Exp,0,0,0,0,0,0,0,0,1,0,0,1,1
Tier One Customer Service Representative,0,0,1,0,0,0,0,1,0,0,0,1,1
Timekeeper,0,0,1,0,0,0,0,1,0,0,0,1,1
Tool and Die Maker,0,0,0,0,0,0,0,1,0,0,0,1,1
Trade Review Principal,0,0,0,0,0,0,0,0,0,0,0,1,1
Traffic Coordinator/Scheduler,0,0,0,0,0,0,0,0,0,0,0,1,1
Training Program Manager,0,0,0,0,0,0,0,0,0,0,0,1,1
Transactional Attorney,0,0,1,0,0,0,0,0,0,0,0,1,1
Transitional Care Services Community Health Worker II,0,0,1,0,0,0,0,0,0,0,0,1,1
Transportation Dispatcher,0,0,1,0,0,0,0,0,0,0,0,1,1
Traveling Superintendent,0,0,0,0,0,0,0,0,0,0,0,1,1
Treasury Manager,0,0,1,0,0,0,0,0,0,0,0,1,1
Treasury Specialist,0,0,1,0,0,0,0,0,0,0,0,1,1
Treatment Coordinator,0,0,1,0,0,0,0,0,0,0,0,1,1
Trial Attorney,0,0,0,0,0,0,0,0,0,0,0,1,1
UNPAID Public Relations,0,0,1,0,0,0,0,0,0,0,0,1,1
URGENT!! Influencer Marketing Intern (100% WFH),0,0,0,0,0,0,0,0,0,0,0,1,1
UX/Content Strategist,0,0,1,0,0,0,0,0,0,0,0,1,1
UiPath Administrator /Infrastructure,0,0,0,0,0,0,0,1,1,0,0,1,1
Ultrasound Technician (Cardio Multimodality/Sonographer) *New Hire Signing Bonus*,0,0,0,0,0,0,0,0,0,0,0,1,1
Ultrasound Technologist ,0,0,0,0,0,0,0,0,0,0,0,1,1
Unique Remote opportunity for Annuity Actuary - PR12659A,0,0,0,0,0,0,0,0,0,0,0,1,1
Universal Banker,0,0,1,0,0,0,0,0,0,0,0,1,1
Universal Banker ,0,0,1,0,0,0,0,0,0,0,0,1,1
Unpaid Internship: Development Team,0,0,0,0,0,0,1,0,0,0,1,1,1
Upholsterer,0,0,0,0,0,0,0,0,0,0,0,1,1
Upper School Mathematics Teacher,0,0,1,0,0,0,0,0,0,0,0,1,1
Upper/Middle School Spanish and French Teacher Episcopal School of Acadiana,0,0,0,0,0,0,0,0,0,0,0,1,1
User Experience Designer,0,0,1,0,0,0,0,0,0,0,0,2,2
Utilities Manager,0,0,1,0,0,0,0,0,0,0,0,1,1
Utilities Mechanic - HVAC - JW,0,0,1,0,0,0,0,0,0,0,0,1,1
VICE PRESIDENT OF CORPORATE PARTNERSHIPS,0,0,1,0,0,0,0,0,0,0,0,1,1
"VP Agency Partnerships, Indies",0,0,1,0,0,0,0,0,0,0,0,1,1
VP Ecommerce,0,0,1,0,0,0,0,0,0,0,0,1,1
VP of Digital Enablement and Technology,0,0,0,0,0,0,0,0,0,0,0,1,1
VP of Engineering,0,0,1,0,0,0,0,0,0,0,0,1,1
Validation Analyst,0,0,0,0,0,0,0,0,0,0,0,1,1
"Validation Engineer, Labware LIMS",0,0,0,0,0,0,0,0,0,0,0,1,1
Vehicle Operations Specialist,0,0,2,0,0,0,0,2,0,0,0,2,2
Vetco Veterinary Assistant P/T,0,0,0,0,0,0,0,0,0,0,0,1,1
Veterinarian,0,0,1,0,0,0,0,0,0,0,0,1,1
Veterinary Technician Manager,0,0,0,0,0,0,0,0,0,0,0,1,1
Vice President - Engineering & Production Operation,0,0,0,0,0,0,0,0,0,0,0,1,1
Vice President Internal Audit,0,0,0,0,0,0,0,0,0,0,0,1,1
Vice President Operations,0,0,1,0,0,0,0,0,0,0,0,1,1
Vice President of Development,0,0,1,0,0,0,0,0,0,0,0,1,1
Vice President of Marketing,0,0,0,0,0,0,0,0,0,0,0,1,1
Vice President of Sales,0,0,2,0,0,0,0,0,0,0,1,2,2
Vice President of Sales (Nautical),0,0,0,0,0,0,0,0,0,0,0,1,1
"Vice President, HR, Associate Experience ",0,0,1,0,0,0,0,1,0,0,0,1,1
Video Monitoring Specialist,0,0,0,0,0,0,0,0,0,0,0,1,1
Videographer Intern,0,0,0,0,0,0,0,0,0,0,0,1,1
Visual Inspector,0,0,0,0,0,0,0,0,0,0,0,1,1
Visual Merchandiser,0,0,1,0,0,0,0,0,0,0,0,1,1
Volunteer Child Care,0,0,0,0,0,0,0,0,0,0,0,1,1
W2 only _ Java Developer,0,1,0,0,0,0,1,0,0,0,0,1,1
Wafer Process Engineer - Laser diode Chip Fabrication,0,0,1,0,0,0,0,0,0,0,0,1,1
Warehouse Associate,0,0,0,0,0,0,0,0,0,0,0,2,2
Warehouse Coordinator,0,0,1,0,0,0,0,1,0,0,0,1,1
Warehouse Loader,0,0,0,0,0,0,0,0,0,0,0,1,1
Warranty Technician,0,0,1,0,0,0,0,0,0,0,0,1,1
Wastewater EIT,0,0,1,0,0,0,0,0,0,0,0,1,1
Watchmaker,0,0,1,0,0,0,0,0,0,0,0,1,1
Wealth Advisor,0,0,1,0,0,0,0,0,0,0,0,1,1
Wealth Management Business Data Analyst,1,1,0,0,0,0,0,1,0,0,0,1,1
Web Developer,0,0,0,0,0,0,0,0,0,0,0,1,1
Web Editor (Remote),0,0,1,0,0,0,0,1,0,0,0,1,1
Webmethods Developer,0,1,0,0,0,0,1,0,0,0,0,1,1
Wellness Associate,0,0,1,0,0,0,0,0,0,0,0,1,1
Wholesale Sales Assistant,0,0,1,0,0,0,0,0,0,0,0,1,1
"Wholesale Sales Director, Luxury Fashion Accessories Company",0,0,1,0,0,0,0,0,0,0,0,1,1
"Wind Technician I- Allen, NE",0,1,0,0,0,0,0,1,0,0,0,1,1
Wind Technician I- Mt. Pulaski,0,1,0,0,0,0,0,1,0,0,0,1,1
"Wind Technician I- Tampa, KS",0,1,0,0,0,0,0,1,0,0,0,1,1
"Windows Engineer (DMX files) :: Hybrid role in San Diego, CA - Locals Only",0,0,0,0,0,0,0,0,0,0,0,1,1
Windows Software Engineer,0,0,1,0,0,0,0,0,0,0,0,1,1
Work Based Learning Coordinator,0,0,0,0,0,0,0,0,0,0,0,1,1
Workers' Compensation Paralegal II,0,0,1,0,0,0,0,0,0,0,0,1,1
Workflow Coordinator Hospitality - Mon - Fri 8am-5pm,0,0,1,0,0,0,0,0,0,0,0,1,1
Workforce Strategy and Analytics Consultant (321719),0,0,0,0,0,0,0,0,0,0,0,1,1
Worship Leader,0,0,1,0,0,0,0,0,0,0,0,1,1
Writing/Reading Tutor,0,0,0,0,0,0,0,0,0,0,0,1,1
Yoga Teacher,0,0,0,0,0,0,0,0,0,0,0,1,1
Youth Coach,0,0,0,0,0,0,0,0,0,0,0,1,1
backend Java developer,0,1,0,0,0,0,1,0,0,0,0,1,1
eCommerce Analyst Associate,0,0,1,0,0,0,0,0,0,0,0,1,1
eCommerce Data Analyst,0,0,1,0,0,0,0,0,0,0,0,1,1
firewall engineer,0,0,1,0,0,0,0,1,0,0,0,1,1
service now architect,0,0,0,0,0,0,0,0,0,0,0,1,1
tester,0,0,1,0,0,0,0,0,0,0,0,1,1
•	Tier I Help Desk associate,0,0,0,0,0,0,0,0,0,0,0,1,1
🌟🚀🌊 Make Waves with Your Sales Skills! Earn $2500-$3500/Week! 🌊🚀🌟,0,0,0,0,0,0,0,0,0,0,0,1,1
🚀 Join Our Team as a Senior iOS Developer at ABHI IT SYSTEMS INC 🌐 🚀,0,0,1,0,0,0,0,0,0,0,0,1,1
